<clickstream>
    <logger class="com.dotmarketing.loggers.DatabaseClickstreamLogger"/>

    <bot-host name="inktomi.com"/>
    <bot-host name="inktomisearch.com"/>
    <bot-host name="googlebot.com"/>
    <bot-host name="linuxtoday.com.au"/>

    <bot-agent name="acme.spider"/>
    <bot-agent name="ahoythehomepagefinder"/>
    <bot-agent name="alkaline"/>
    <bot-agent name="appie"/>
    <bot-agent name="arachnophilia"/>
    <bot-agent name="architext"/>
    <bot-agent name="aretha"/>
    <bot-agent name="ariadne"/>
    <bot-agent name="aspider"/>
    <bot-agent name="atn.txt"/>
    <bot-agent name="atomz"/>
    <bot-agent name="auresys"/>
    <bot-agent name="backrub"/>
    <bot-agent name="bigbrother"/>
    <bot-agent name="bjaaland"/>
    <bot-agent name="blackwidow"/>
    <bot-agent name="blindekuh"/>
    <bot-agent name="bloodhound"/>
    <bot-agent name="brightnet"/>
    <bot-agent name="bspider"/>
    <bot-agent name="cactvschemistryspider"/>
    <bot-agent name="calif"/>
    <bot-agent name="cassandra"/>
    <bot-agent name="cgireader"/>
    <bot-agent name="checkbot"/>
    <bot-agent name="churl"/>
    <bot-agent name="cmc"/>
    <bot-agent name="collective"/>
    <bot-agent name="combine"/>
    <bot-agent name="conceptbot"/>
    <bot-agent name="core"/>
    <bot-agent name="cshkust"/>
    <bot-agent name="cusco"/>
    <bot-agent name="cyberspyder"/>
    <bot-agent name="deweb"/>
    <bot-agent name="dienstspider"/>
    <bot-agent name="diibot"/>
    <bot-agent name="direct_hit"/>
    <bot-agent name="dnabot"/>
    <bot-agent name="download_express"/>
    <bot-agent name="dragonbot"/>
    <bot-agent name="dwcp"/>
    <bot-agent name="ebiness"/>
    <bot-agent name="eit"/>
    <bot-agent name="emacs"/>
    <bot-agent name="emcspider"/>
    <bot-agent name="esther"/>
    <bot-agent name="evliyacelebi"/>
    <bot-agent name="fdse"/>
    <bot-agent name="felix"/>
    <bot-agent name="ferret"/>
    <bot-agent name="fetchrover"/>
    <bot-agent name="fido"/>
    <bot-agent name="finnish"/>
    <bot-agent name="fireball"/>
    <bot-agent name="fish"/>
    <bot-agent name="fouineur"/>
    <bot-agent name="francoroute"/>
    <bot-agent name="freecrawl"/>
    <bot-agent name="funnelweb"/>
    <bot-agent name="gazz"/>
    <bot-agent name="gcreep"/>
    <bot-agent name="getbot"/>
    <bot-agent name="geturl"/>
    <bot-agent name="golem"/>
    <bot-agent name="googlebot"/>
    <bot-agent name="grapnel"/>
    <bot-agent name="griffon"/>
    <bot-agent name="gromit"/>
    <bot-agent name="gulliver"/>
    <bot-agent name="hambot"/>
    <bot-agent name="harvest"/>
    <bot-agent name="havindex"/>
    <bot-agent name="hometown"/>
    <bot-agent name="wired-digital"/>
    <bot-agent name="htdig"/>
    <bot-agent name="htmlgobble"/>
    <bot-agent name="hyperdecontextualizer"/>
    <bot-agent name="ibm"/>
    <bot-agent name="iconoclast"/>
    <bot-agent name="ilse"/>
    <bot-agent name="imagelock"/>
    <bot-agent name="incywincy"/>
    <bot-agent name="informant"/>
    <bot-agent name="infoseek"/>
    <bot-agent name="infoseeksidewinder"/>
    <bot-agent name="infospider"/>
    <bot-agent name="inspectorwww"/>
    <bot-agent name="intelliagent"/>
    <bot-agent name="iron33"/>
    <bot-agent name="israelisearch"/>
    <bot-agent name="javabee"/>
    <bot-agent name="jcrawler"/>
    <bot-agent name="jeeves"/>
    <bot-agent name="jobot"/>
    <bot-agent name="joebot"/>
    <bot-agent name="jubii"/>
    <bot-agent name="jumpstation"/>
    <bot-agent name="katipo"/>
    <bot-agent name="kdd"/>
    <bot-agent name="kilroy"/>
    <bot-agent name="ko_yappo_robot"/>
    <bot-agent name="labelgrabber.txt"/>
    <bot-agent name="larbin"/>
    <bot-agent name="legs"/>
    <bot-agent name="linkscan"/>
    <bot-agent name="linkwalker"/>
    <bot-agent name="lockon"/>
    <bot-agent name="logo_gif"/>
    <bot-agent name="lycos"/>
    <bot-agent name="macworm"/>
    <bot-agent name="magpie"/>
    <bot-agent name="mediafox"/>
    <bot-agent name="merzscope"/>
    <bot-agent name="meshexplorer"/>
    <bot-agent name="mindcrawler"/>
    <bot-agent name="moget"/>
    <bot-agent name="momspider"/>
    <bot-agent name="monster"/>
    <bot-agent name="motor"/>
    <bot-agent name="muscatferret"/>
    <bot-agent name="mwdsearch"/>
    <bot-agent name="myweb"/>
    <bot-agent name="netcarta"/>
    <bot-agent name="netmechanic"/>
    <bot-agent name="netscoop"/>
    <bot-agent name="newscan-online"/>
    <bot-agent name="nhse"/>
    <bot-agent name="nomad"/>
    <bot-agent name="northstar"/>
    <bot-agent name="nzexplorer"/>
    <bot-agent name="occam"/>
    <bot-agent name="octopus"/>
    <bot-agent name="orb_search"/>
    <bot-agent name="packrat"/>
    <bot-agent name="pageboy"/>
    <bot-agent name="parasite"/>
    <bot-agent name="patric"/>
    <bot-agent name="perignator"/>
    <bot-agent name="perlcrawler"/>
    <bot-agent name="phantom"/>
    <bot-agent name="piltdownman"/>
    <bot-agent name="pioneer"/>
    <bot-agent name="pitkow"/>
    <bot-agent name="pjspider"/>
    <bot-agent name="pka"/>
    <bot-agent name="plumtreewebaccessor"/>
    <bot-agent name="poppi"/>
    <bot-agent name="portalb"/>
    <bot-agent name="puu"/>
    <bot-agent name="python"/>
    <bot-agent name="raven"/>
    <bot-agent name="rbse"/>
    <bot-agent name="resumerobot"/>
    <bot-agent name="rhcs"/>
    <bot-agent name="roadrunner"/>
    <bot-agent name="robbie"/>
    <bot-agent name="robi"/>
    <bot-agent name="roverbot"/>
    <bot-agent name="safetynetrobot"/>
    <bot-agent name="scooter"/>
    <bot-agent name="search_au"/>
    <bot-agent name="searchprocess"/>
    <bot-agent name="senrigan"/>
    <bot-agent name="sgscout"/>
    <bot-agent name="shaggy"/>
    <bot-agent name="shaihulud"/>
    <bot-agent name="sift"/>
    <bot-agent name="simbot"/>
    <bot-agent name="site-valet"/>
    <bot-agent name="sitegrabber"/>
    <bot-agent name="sitetech"/>
    <bot-agent name="slurp"/>
    <bot-agent name="smartspider"/>
    <bot-agent name="snooper"/>
    <bot-agent name="solbot"/>
    <bot-agent name="spanner"/>
    <bot-agent name="speedy"/>
    <bot-agent name="spider_monkey"/>
    <bot-agent name="spiderbot"/>
    <bot-agent name="spiderman"/>
    <bot-agent name="spry"/>
    <bot-agent name="ssearcher"/>
    <bot-agent name="suke"/>
    <bot-agent name="sven"/>
    <bot-agent name="tach_bw"/>
    <bot-agent name="tarantula"/>
    <bot-agent name="tarspider"/>
    <bot-agent name="tcl"/>
    <bot-agent name="techbot"/>
    <bot-agent name="templeton"/>
    <bot-agent name="titin"/>
    <bot-agent name="titan"/>
    <bot-agent name="tkwww"/>
    <bot-agent name="tlspider"/>
    <bot-agent name="ucsd"/>
    <bot-agent name="udmsearch"/>
    <bot-agent name="urlck"/>
    <bot-agent name="valkyrie"/>
    <bot-agent name="victoria"/>
    <bot-agent name="visionsearch"/>
    <bot-agent name="voyager"/>
    <bot-agent name="vwbot"/>
    <bot-agent name="w3index"/>
    <bot-agent name="w3m2"/>
    <bot-agent name="wanderer"/>
    <bot-agent name="webbandit"/>
    <bot-agent name="webcatcher"/>
    <bot-agent name="webcopy"/>
    <bot-agent name="webfetcher"/>
    <bot-agent name="webfoot"/>
    <bot-agent name="weblayers"/>
    <bot-agent name="weblinker"/>
    <bot-agent name="webmirror"/>
    <bot-agent name="webmoose"/>
    <bot-agent name="webquest"/>
    <bot-agent name="webreader"/>
    <bot-agent name="webreaper"/>
    <bot-agent name="websnarf"/>
    <bot-agent name="webspider"/>
    <bot-agent name="webvac"/>
    <bot-agent name="webwalk"/>
    <bot-agent name="webwalker"/>
    <bot-agent name="webwatch"/>
    <bot-agent name="wget"/>
    <bot-agent name="whowhere"/>
    <bot-agent name="wmir"/>
    <bot-agent name="wolp"/>
    <bot-agent name="wombat"/>
    <bot-agent name="worm"/>
    <bot-agent name="wwwc"/>
    <bot-agent name="wz101"/>
    <bot-agent name="xget"/>
    <bot-agent name="nederland.zoek"/>
</clickstream>