<?xml version="1.0"?>
<!DOCTYPE beans PUBLIC "-//SPRING//DTD BEAN//EN" "http://www.springframework.org/dtd/spring-beans.dtd">

<beans>
	<bean id="com.liferay.portal.ejb.AddressLocalManager.professional" class="com.liferay.portal.ejb.AddressLocalManagerImpl" lazy-init="true" />
	<bean id="com.liferay.portal.ejb.AddressLocalManagerFactory" class="com.liferay.portal.ejb.AddressLocalManagerFactory" lazy-init="true">
		<property name="manager">
			<ref bean="com.liferay.portal.ejb.AddressLocalManager.professional" />
		</property>
	</bean>
	<bean id="com.liferay.portal.ejb.AddressRemoteManager.professional" class="com.liferay.portal.ejb.AddressLocalManagerImpl" lazy-init="true" />
	<bean id="com.liferay.portal.ejb.AddressRemoteManagerFactory" class="com.liferay.portal.ejb.AddressRemoteManagerFactory" lazy-init="true">
		<property name="manager">
			<ref bean="com.liferay.portal.ejb.AddressRemoteManager.professional" />
		</property>
	</bean>
	<bean id="com.liferay.portal.ejb.AddressManager.professional" class="com.liferay.portal.ejb.AddressManagerImpl" lazy-init="true" />
	<bean id="com.liferay.portal.ejb.AddressManagerFactory" class="com.liferay.portal.ejb.AddressManagerFactory" lazy-init="true">
		<property name="manager">
			<ref bean="com.liferay.portal.ejb.AddressManager.professional" />
		</property>
	</bean>
	<bean id="com.liferay.portal.ejb.CompanyLocalManager.professional" class="com.liferay.portal.ejb.CompanyLocalManagerImpl" lazy-init="true" />
	<bean id="com.liferay.portal.ejb.CompanyLocalManagerFactory" class="com.liferay.portal.ejb.CompanyLocalManagerFactory" lazy-init="true">
		<property name="manager">
			<ref bean="com.liferay.portal.ejb.CompanyLocalManager.professional" />
		</property>
	</bean>
	<bean id="com.liferay.portal.ejb.CompanyRemoteManager.professional" class="com.liferay.portal.ejb.CompanyLocalManagerImpl" lazy-init="true" />
	<bean id="com.liferay.portal.ejb.CompanyRemoteManagerFactory" class="com.liferay.portal.ejb.CompanyRemoteManagerFactory" lazy-init="true">
		<property name="manager">
			<ref bean="com.liferay.portal.ejb.CompanyRemoteManager.professional" />
		</property>
	</bean>
	<bean id="com.liferay.portal.ejb.CompanyManager.professional" class="com.liferay.portal.ejb.CompanyManagerImpl" lazy-init="true" />
	<bean id="com.liferay.portal.ejb.CompanyManagerFactory" class="com.liferay.portal.ejb.CompanyManagerFactory" lazy-init="true">
		<property name="manager">
			<ref bean="com.liferay.portal.ejb.CompanyManager.professional" />
		</property>
	</bean>
	<bean id="com.liferay.portal.ejb.GroupLocalManager.professional" class="com.liferay.portal.ejb.GroupLocalManagerImpl" lazy-init="true" />
	<bean id="com.liferay.portal.ejb.GroupLocalManagerFactory" class="com.liferay.portal.ejb.GroupLocalManagerFactory" lazy-init="true">
		<property name="manager">
			<ref bean="com.liferay.portal.ejb.GroupLocalManager.professional" />
		</property>
	</bean>
	<bean id="com.liferay.portal.ejb.GroupRemoteManager.professional" class="com.liferay.portal.ejb.GroupLocalManagerImpl" lazy-init="true" />
	<bean id="com.liferay.portal.ejb.GroupRemoteManagerFactory" class="com.liferay.portal.ejb.GroupRemoteManagerFactory" lazy-init="true">
		<property name="manager">
			<ref bean="com.liferay.portal.ejb.GroupRemoteManager.professional" />
		</property>
	</bean>
	<bean id="com.liferay.portal.ejb.GroupManager.professional" class="com.liferay.portal.ejb.GroupManagerImpl" lazy-init="true" />
	<bean id="com.liferay.portal.ejb.GroupManagerFactory" class="com.liferay.portal.ejb.GroupManagerFactory" lazy-init="true">
		<property name="manager">
			<ref bean="com.liferay.portal.ejb.GroupManager.professional" />
		</property>
	</bean>
	<bean id="com.liferay.portal.ejb.ImageLocalManager.professional" class="com.liferay.portal.ejb.ImageLocalManagerImpl" lazy-init="true" />
	<bean id="com.liferay.portal.ejb.ImageLocalManagerFactory" class="com.liferay.portal.ejb.ImageLocalManagerFactory" lazy-init="true">
		<property name="manager">
			<ref bean="com.liferay.portal.ejb.ImageLocalManager.professional" />
		</property>
	</bean>
	<bean id="com.liferay.portal.ejb.ImageRemoteManager.professional" class="com.liferay.portal.ejb.ImageLocalManagerImpl" lazy-init="true" />
	<bean id="com.liferay.portal.ejb.ImageRemoteManagerFactory" class="com.liferay.portal.ejb.ImageRemoteManagerFactory" lazy-init="true">
		<property name="manager">
			<ref bean="com.liferay.portal.ejb.ImageRemoteManager.professional" />
		</property>
	</bean>
	<bean id="com.liferay.portal.ejb.ImageManager.professional" class="com.liferay.portal.ejb.ImageManagerImpl" lazy-init="true" />
	<bean id="com.liferay.portal.ejb.ImageManagerFactory" class="com.liferay.portal.ejb.ImageManagerFactory" lazy-init="true">
		<property name="manager">
			<ref bean="com.liferay.portal.ejb.ImageManager.professional" />
		</property>
	</bean>
	<bean id="com.liferay.portal.ejb.LayerLocalManager.professional" class="com.liferay.portal.ejb.LayerLocalManagerImpl" lazy-init="true" />
	<bean id="com.liferay.portal.ejb.LayerLocalManagerFactory" class="com.liferay.portal.ejb.LayerLocalManagerFactory" lazy-init="true">
		<property name="manager">
			<ref bean="com.liferay.portal.ejb.LayerLocalManager.professional" />
		</property>
	</bean>
	<bean id="com.liferay.portal.ejb.LayerRemoteManager.professional" class="com.liferay.portal.ejb.LayerLocalManagerImpl" lazy-init="true" />
	<bean id="com.liferay.portal.ejb.LayerRemoteManagerFactory" class="com.liferay.portal.ejb.LayerRemoteManagerFactory" lazy-init="true">
		<property name="manager">
			<ref bean="com.liferay.portal.ejb.LayerRemoteManager.professional" />
		</property>
	</bean>
	<bean id="com.liferay.portal.ejb.LayerManager.professional" class="com.liferay.portal.ejb.LayerManagerImpl" lazy-init="true" />
	<bean id="com.liferay.portal.ejb.LayerManagerFactory" class="com.liferay.portal.ejb.LayerManagerFactory" lazy-init="true">
		<property name="manager">
			<ref bean="com.liferay.portal.ejb.LayerManager.professional" />
		</property>
	</bean>
	<bean id="com.liferay.portal.ejb.LayoutLocalManager.professional" class="com.liferay.portal.ejb.LayoutLocalManagerImpl" lazy-init="true" />
	<bean id="com.liferay.portal.ejb.LayoutLocalManagerFactory" class="com.liferay.portal.ejb.LayoutLocalManagerFactory" lazy-init="true">
		<property name="manager">
			<ref bean="com.liferay.portal.ejb.LayoutLocalManager.professional" />
		</property>
	</bean>
	<bean id="com.liferay.portal.ejb.LayoutRemoteManager.professional" class="com.liferay.portal.ejb.LayoutLocalManagerImpl" lazy-init="true" />
	<bean id="com.liferay.portal.ejb.LayoutRemoteManagerFactory" class="com.liferay.portal.ejb.LayoutRemoteManagerFactory" lazy-init="true">
		<property name="manager">
			<ref bean="com.liferay.portal.ejb.LayoutRemoteManager.professional" />
		</property>
	</bean>
	<bean id="com.liferay.portal.ejb.LayoutManager.professional" class="com.liferay.portal.ejb.LayoutManagerImpl" lazy-init="true" />
	<bean id="com.liferay.portal.ejb.LayoutManagerFactory" class="com.liferay.portal.ejb.LayoutManagerFactory" lazy-init="true">
		<property name="manager">
			<ref bean="com.liferay.portal.ejb.LayoutManager.professional" />
		</property>
	</bean>
	<bean id="com.liferay.portal.ejb.NoteLocalManager.professional" class="com.liferay.portal.ejb.NoteLocalManagerImpl" lazy-init="true" />
	<bean id="com.liferay.portal.ejb.NoteLocalManagerFactory" class="com.liferay.portal.ejb.NoteLocalManagerFactory" lazy-init="true">
		<property name="manager">
			<ref bean="com.liferay.portal.ejb.NoteLocalManager.professional" />
		</property>
	</bean>
	<bean id="com.liferay.portal.ejb.NoteRemoteManager.professional" class="com.liferay.portal.ejb.NoteLocalManagerImpl" lazy-init="true" />
	<bean id="com.liferay.portal.ejb.NoteRemoteManagerFactory" class="com.liferay.portal.ejb.NoteRemoteManagerFactory" lazy-init="true">
		<property name="manager">
			<ref bean="com.liferay.portal.ejb.NoteRemoteManager.professional" />
		</property>
	</bean>
	<bean id="com.liferay.portal.ejb.NoteManager.professional" class="com.liferay.portal.ejb.NoteManagerImpl" lazy-init="true" />
	<bean id="com.liferay.portal.ejb.NoteManagerFactory" class="com.liferay.portal.ejb.NoteManagerFactory" lazy-init="true">
		<property name="manager">
			<ref bean="com.liferay.portal.ejb.NoteManager.professional" />
		</property>
	</bean>
	<bean id="com.liferay.portal.ejb.PasswordTrackerLocalManager.professional" class="com.liferay.portal.ejb.PasswordTrackerLocalManagerImpl" lazy-init="true" />
	<bean id="com.liferay.portal.ejb.PasswordTrackerLocalManagerFactory" class="com.liferay.portal.ejb.PasswordTrackerLocalManagerFactory" lazy-init="true">
		<property name="manager">
			<ref bean="com.liferay.portal.ejb.PasswordTrackerLocalManager.professional" />
		</property>
	</bean>
	<bean id="com.liferay.portal.ejb.PasswordTrackerRemoteManager.professional" class="com.liferay.portal.ejb.PasswordTrackerLocalManagerImpl" lazy-init="true" />
	<bean id="com.liferay.portal.ejb.PasswordTrackerRemoteManagerFactory" class="com.liferay.portal.ejb.PasswordTrackerRemoteManagerFactory" lazy-init="true">
		<property name="manager">
			<ref bean="com.liferay.portal.ejb.PasswordTrackerRemoteManager.professional" />
		</property>
	</bean>
	<bean id="com.liferay.portal.ejb.PasswordTrackerManager.professional" class="com.liferay.portal.ejb.PasswordTrackerManagerImpl" lazy-init="true" />
	<bean id="com.liferay.portal.ejb.PasswordTrackerManagerFactory" class="com.liferay.portal.ejb.PasswordTrackerManagerFactory" lazy-init="true">
		<property name="manager">
			<ref bean="com.liferay.portal.ejb.PasswordTrackerManager.professional" />
		</property>
	</bean>
	<bean id="com.liferay.portal.ejb.PortletManager.professional" class="com.liferay.portal.ejb.PortletManagerImpl" lazy-init="true" />
	<bean id="com.liferay.portal.ejb.PortletManagerFactory" class="com.liferay.portal.ejb.PortletManagerFactory" lazy-init="true">
		<property name="manager">
			<ref bean="com.liferay.portal.ejb.PortletManager.professional" />
		</property>
	</bean>
	<bean id="com.liferay.portal.ejb.PortletPreferencesLocalManager.professional" class="com.liferay.portal.ejb.PortletPreferencesLocalManagerImpl" lazy-init="true" />
	<bean id="com.liferay.portal.ejb.PortletPreferencesLocalManagerFactory" class="com.liferay.portal.ejb.PortletPreferencesLocalManagerFactory" lazy-init="true">
		<property name="manager">
			<ref bean="com.liferay.portal.ejb.PortletPreferencesLocalManager.professional" />
		</property>
	</bean>
	<bean id="com.liferay.portal.ejb.PortletPreferencesRemoteManager.professional" class="com.liferay.portal.ejb.PortletPreferencesLocalManagerImpl" lazy-init="true" />
	<bean id="com.liferay.portal.ejb.PortletPreferencesRemoteManagerFactory" class="com.liferay.portal.ejb.PortletPreferencesRemoteManagerFactory" lazy-init="true">
		<property name="manager">
			<ref bean="com.liferay.portal.ejb.PortletPreferencesRemoteManager.professional" />
		</property>
	</bean>
	<bean id="com.liferay.portal.ejb.PortletPreferencesManager.professional" class="com.liferay.portal.ejb.PortletPreferencesManagerImpl" lazy-init="true" />
	<bean id="com.liferay.portal.ejb.PortletPreferencesManagerFactory" class="com.liferay.portal.ejb.PortletPreferencesManagerFactory" lazy-init="true">
		<property name="manager">
			<ref bean="com.liferay.portal.ejb.PortletPreferencesManager.professional" />
		</property>
	</bean>
	<bean id="com.liferay.portal.ejb.ReleaseLocalManager.professional" class="com.liferay.portal.ejb.ReleaseLocalManagerImpl" lazy-init="true" />
	<bean id="com.liferay.portal.ejb.ReleaseLocalManagerFactory" class="com.liferay.portal.ejb.ReleaseLocalManagerFactory" lazy-init="true">
		<property name="manager">
			<ref bean="com.liferay.portal.ejb.ReleaseLocalManager.professional" />
		</property>
	</bean>
	<bean id="com.liferay.portal.ejb.ReleaseRemoteManager.professional" class="com.liferay.portal.ejb.ReleaseLocalManagerImpl" lazy-init="true" />
	<bean id="com.liferay.portal.ejb.ReleaseRemoteManagerFactory" class="com.liferay.portal.ejb.ReleaseRemoteManagerFactory" lazy-init="true">
		<property name="manager">
			<ref bean="com.liferay.portal.ejb.ReleaseRemoteManager.professional" />
		</property>
	</bean>
	<bean id="com.liferay.portal.ejb.ReleaseManager.professional" class="com.liferay.portal.ejb.ReleaseManagerImpl" lazy-init="true" />
	<bean id="com.liferay.portal.ejb.ReleaseManagerFactory" class="com.liferay.portal.ejb.ReleaseManagerFactory" lazy-init="true">
		<property name="manager">
			<ref bean="com.liferay.portal.ejb.ReleaseManager.professional" />
		</property>
	</bean>
	<bean id="com.liferay.portal.ejb.RoleLocalManager.professional" class="com.liferay.portal.ejb.RoleLocalManagerImpl" lazy-init="true" />
	<bean id="com.liferay.portal.ejb.RoleLocalManagerFactory" class="com.liferay.portal.ejb.RoleLocalManagerFactory" lazy-init="true">
		<property name="manager">
			<ref bean="com.liferay.portal.ejb.RoleLocalManager.professional" />
		</property>
	</bean>
	<bean id="com.liferay.portal.ejb.RoleRemoteManager.professional" class="com.liferay.portal.ejb.RoleLocalManagerImpl" lazy-init="true" />
	<bean id="com.liferay.portal.ejb.RoleRemoteManagerFactory" class="com.liferay.portal.ejb.RoleRemoteManagerFactory" lazy-init="true">
		<property name="manager">
			<ref bean="com.liferay.portal.ejb.RoleRemoteManager.professional" />
		</property>
	</bean>
	<bean id="com.liferay.portal.ejb.RoleManager.professional" class="com.liferay.portal.ejb.RoleManagerImpl" lazy-init="true" />
	<bean id="com.liferay.portal.ejb.RoleManagerFactory" class="com.liferay.portal.ejb.RoleManagerFactory" lazy-init="true">
		<property name="manager">
			<ref bean="com.liferay.portal.ejb.RoleManager.professional" />
		</property>
	</bean>
	<bean id="com.liferay.portal.ejb.SkinLocalManager.professional" class="com.liferay.portal.ejb.SkinLocalManagerImpl" lazy-init="true" />
	<bean id="com.liferay.portal.ejb.SkinLocalManagerFactory" class="com.liferay.portal.ejb.SkinLocalManagerFactory" lazy-init="true">
		<property name="manager">
			<ref bean="com.liferay.portal.ejb.SkinLocalManager.professional" />
		</property>
	</bean>
	<bean id="com.liferay.portal.ejb.SkinRemoteManager.professional" class="com.liferay.portal.ejb.SkinLocalManagerImpl" lazy-init="true" />
	<bean id="com.liferay.portal.ejb.SkinRemoteManagerFactory" class="com.liferay.portal.ejb.SkinRemoteManagerFactory" lazy-init="true">
		<property name="manager">
			<ref bean="com.liferay.portal.ejb.SkinRemoteManager.professional" />
		</property>
	</bean>
	<bean id="com.liferay.portal.ejb.SkinManager.professional" class="com.liferay.portal.ejb.SkinManagerImpl" lazy-init="true" />
	<bean id="com.liferay.portal.ejb.SkinManagerFactory" class="com.liferay.portal.ejb.SkinManagerFactory" lazy-init="true">
		<property name="manager">
			<ref bean="com.liferay.portal.ejb.SkinManager.professional" />
		</property>
	</bean>
	<bean id="com.liferay.portal.ejb.UserLocalManager.professional" class="com.liferay.portal.ejb.UserLocalManagerImpl" lazy-init="true" />
	<bean id="com.liferay.portal.ejb.UserLocalManagerFactory" class="com.liferay.portal.ejb.UserLocalManagerFactory" lazy-init="true">
		<property name="manager">
			<ref bean="com.liferay.portal.ejb.UserLocalManager.professional" />
		</property>
	</bean>
	<bean id="com.liferay.portal.ejb.UserRemoteManager.professional" class="com.liferay.portal.ejb.UserLocalManagerImpl" lazy-init="true" />
	<bean id="com.liferay.portal.ejb.UserRemoteManagerFactory" class="com.liferay.portal.ejb.UserRemoteManagerFactory" lazy-init="true">
		<property name="manager">
			<ref bean="com.liferay.portal.ejb.UserRemoteManager.professional" />
		</property>
	</bean>
	<bean id="com.liferay.portal.ejb.UserManager.professional" class="com.liferay.portal.ejb.UserManagerImpl" lazy-init="true" />
	<bean id="com.liferay.portal.ejb.UserManagerFactory" class="com.liferay.portal.ejb.UserManagerFactory" lazy-init="true">
		<property name="manager">
			<ref bean="com.liferay.portal.ejb.UserManager.professional" />
		</property>
	</bean>
	<bean id="com.liferay.portal.ejb.UserTrackerLocalManager.professional" class="com.liferay.portal.ejb.UserTrackerLocalManagerImpl" lazy-init="true" />
	<bean id="com.liferay.portal.ejb.UserTrackerLocalManagerFactory" class="com.liferay.portal.ejb.UserTrackerLocalManagerFactory" lazy-init="true">
		<property name="manager">
			<ref bean="com.liferay.portal.ejb.UserTrackerLocalManager.professional" />
		</property>
	</bean>
	<bean id="com.liferay.portal.ejb.UserTrackerRemoteManager.professional" class="com.liferay.portal.ejb.UserTrackerLocalManagerImpl" lazy-init="true" />
	<bean id="com.liferay.portal.ejb.UserTrackerRemoteManagerFactory" class="com.liferay.portal.ejb.UserTrackerRemoteManagerFactory" lazy-init="true">
		<property name="manager">
			<ref bean="com.liferay.portal.ejb.UserTrackerRemoteManager.professional" />
		</property>
	</bean>
	<bean id="com.liferay.portal.ejb.UserTrackerManager.professional" class="com.liferay.portal.ejb.UserTrackerManagerImpl" lazy-init="true" />
	<bean id="com.liferay.portal.ejb.UserTrackerManagerFactory" class="com.liferay.portal.ejb.UserTrackerManagerFactory" lazy-init="true">
		<property name="manager">
			<ref bean="com.liferay.portal.ejb.UserTrackerManager.professional" />
		</property>
	</bean>
	<bean id="com.liferay.portal.ejb.UserTrackerPathLocalManager.professional" class="com.liferay.portal.ejb.UserTrackerPathLocalManagerImpl" lazy-init="true" />
	<bean id="com.liferay.portal.ejb.UserTrackerPathLocalManagerFactory" class="com.liferay.portal.ejb.UserTrackerPathLocalManagerFactory" lazy-init="true">
		<property name="manager">
			<ref bean="com.liferay.portal.ejb.UserTrackerPathLocalManager.professional" />
		</property>
	</bean>
	<bean id="com.liferay.portal.ejb.UserTrackerPathRemoteManager.professional" class="com.liferay.portal.ejb.UserTrackerPathLocalManagerImpl" lazy-init="true" />
	<bean id="com.liferay.portal.ejb.UserTrackerPathRemoteManagerFactory" class="com.liferay.portal.ejb.UserTrackerPathRemoteManagerFactory" lazy-init="true">
		<property name="manager">
			<ref bean="com.liferay.portal.ejb.UserTrackerPathRemoteManager.professional" />
		</property>
	</bean>
	<bean id="com.liferay.portal.ejb.UserTrackerPathManager.professional" class="com.liferay.portal.ejb.UserTrackerPathManagerImpl" lazy-init="true" />
	<bean id="com.liferay.portal.ejb.UserTrackerPathManagerFactory" class="com.liferay.portal.ejb.UserTrackerPathManagerFactory" lazy-init="true">
		<property name="manager">
			<ref bean="com.liferay.portal.ejb.UserTrackerPathManager.professional" />
		</property>
	</bean>
	<bean id="com.liferay.portlet.addressbook.ejb.ABContactLocalManager.professional" class="com.liferay.portlet.addressbook.ejb.ABContactLocalManagerImpl" lazy-init="true" />
	<bean id="com.liferay.portlet.addressbook.ejb.ABContactLocalManagerFactory" class="com.liferay.portlet.addressbook.ejb.ABContactLocalManagerFactory" lazy-init="true">
		<property name="manager">
			<ref bean="com.liferay.portlet.addressbook.ejb.ABContactLocalManager.professional" />
		</property>
	</bean>
	<bean id="com.liferay.portlet.addressbook.ejb.ABContactRemoteManager.professional" class="com.liferay.portlet.addressbook.ejb.ABContactLocalManagerImpl" lazy-init="true" />
	<bean id="com.liferay.portlet.addressbook.ejb.ABContactRemoteManagerFactory" class="com.liferay.portlet.addressbook.ejb.ABContactRemoteManagerFactory" lazy-init="true">
		<property name="manager">
			<ref bean="com.liferay.portlet.addressbook.ejb.ABContactRemoteManager.professional" />
		</property>
	</bean>
	<bean id="com.liferay.portlet.addressbook.ejb.ABContactManager.professional" class="com.liferay.portlet.addressbook.ejb.ABContactManagerImpl" lazy-init="true" />
	<bean id="com.liferay.portlet.addressbook.ejb.ABContactManagerFactory" class="com.liferay.portlet.addressbook.ejb.ABContactManagerFactory" lazy-init="true">
		<property name="manager">
			<ref bean="com.liferay.portlet.addressbook.ejb.ABContactManager.professional" />
		</property>
	</bean>
	<bean id="com.liferay.portlet.addressbook.ejb.ABListLocalManager.professional" class="com.liferay.portlet.addressbook.ejb.ABListLocalManagerImpl" lazy-init="true" />
	<bean id="com.liferay.portlet.addressbook.ejb.ABListLocalManagerFactory" class="com.liferay.portlet.addressbook.ejb.ABListLocalManagerFactory" lazy-init="true">
		<property name="manager">
			<ref bean="com.liferay.portlet.addressbook.ejb.ABListLocalManager.professional" />
		</property>
	</bean>
	<bean id="com.liferay.portlet.addressbook.ejb.ABListRemoteManager.professional" class="com.liferay.portlet.addressbook.ejb.ABListLocalManagerImpl" lazy-init="true" />
	<bean id="com.liferay.portlet.addressbook.ejb.ABListRemoteManagerFactory" class="com.liferay.portlet.addressbook.ejb.ABListRemoteManagerFactory" lazy-init="true">
		<property name="manager">
			<ref bean="com.liferay.portlet.addressbook.ejb.ABListRemoteManager.professional" />
		</property>
	</bean>
	<bean id="com.liferay.portlet.addressbook.ejb.ABListManager.professional" class="com.liferay.portlet.addressbook.ejb.ABListManagerImpl" lazy-init="true" />
	<bean id="com.liferay.portlet.addressbook.ejb.ABListManagerFactory" class="com.liferay.portlet.addressbook.ejb.ABListManagerFactory" lazy-init="true">
		<property name="manager">
			<ref bean="com.liferay.portlet.addressbook.ejb.ABListManager.professional" />
		</property>
	</bean>
	<bean id="com.liferay.portlet.admin.ejb.AdminConfigManager.professional" class="com.liferay.portlet.admin.ejb.AdminConfigManagerImpl" lazy-init="true" />
	<bean id="com.liferay.portlet.admin.ejb.AdminConfigManagerFactory" class="com.liferay.portlet.admin.ejb.AdminConfigManagerFactory" lazy-init="true">
		<property name="manager">
			<ref bean="com.liferay.portlet.admin.ejb.AdminConfigManager.professional" />
		</property>
	</bean>
	<bean id="com.liferay.portlet.biblejournal.ejb.BJEntryLocalManager.professional" class="com.liferay.portlet.biblejournal.ejb.BJEntryLocalManagerImpl" lazy-init="true" />
	<bean id="com.liferay.portlet.biblejournal.ejb.BJEntryLocalManagerFactory" class="com.liferay.portlet.biblejournal.ejb.BJEntryLocalManagerFactory" lazy-init="true">
		<property name="manager">
			<ref bean="com.liferay.portlet.biblejournal.ejb.BJEntryLocalManager.professional" />
		</property>
	</bean>
	<bean id="com.liferay.portlet.biblejournal.ejb.BJEntryRemoteManager.professional" class="com.liferay.portlet.biblejournal.ejb.BJEntryLocalManagerImpl" lazy-init="true" />
	<bean id="com.liferay.portlet.biblejournal.ejb.BJEntryRemoteManagerFactory" class="com.liferay.portlet.biblejournal.ejb.BJEntryRemoteManagerFactory" lazy-init="true">
		<property name="manager">
			<ref bean="com.liferay.portlet.biblejournal.ejb.BJEntryRemoteManager.professional" />
		</property>
	</bean>
	<bean id="com.liferay.portlet.biblejournal.ejb.BJEntryManager.professional" class="com.liferay.portlet.biblejournal.ejb.BJEntryManagerImpl" lazy-init="true" />
	<bean id="com.liferay.portlet.biblejournal.ejb.BJEntryManagerFactory" class="com.liferay.portlet.biblejournal.ejb.BJEntryManagerFactory" lazy-init="true">
		<property name="manager">
			<ref bean="com.liferay.portlet.biblejournal.ejb.BJEntryManager.professional" />
		</property>
	</bean>
	<bean id="com.liferay.portlet.biblejournal.ejb.BJTopicLocalManager.professional" class="com.liferay.portlet.biblejournal.ejb.BJTopicLocalManagerImpl" lazy-init="true" />
	<bean id="com.liferay.portlet.biblejournal.ejb.BJTopicLocalManagerFactory" class="com.liferay.portlet.biblejournal.ejb.BJTopicLocalManagerFactory" lazy-init="true">
		<property name="manager">
			<ref bean="com.liferay.portlet.biblejournal.ejb.BJTopicLocalManager.professional" />
		</property>
	</bean>
	<bean id="com.liferay.portlet.biblejournal.ejb.BJTopicRemoteManager.professional" class="com.liferay.portlet.biblejournal.ejb.BJTopicLocalManagerImpl" lazy-init="true" />
	<bean id="com.liferay.portlet.biblejournal.ejb.BJTopicRemoteManagerFactory" class="com.liferay.portlet.biblejournal.ejb.BJTopicRemoteManagerFactory" lazy-init="true">
		<property name="manager">
			<ref bean="com.liferay.portlet.biblejournal.ejb.BJTopicRemoteManager.professional" />
		</property>
	</bean>
	<bean id="com.liferay.portlet.biblejournal.ejb.BJTopicManager.professional" class="com.liferay.portlet.biblejournal.ejb.BJTopicManagerImpl" lazy-init="true" />
	<bean id="com.liferay.portlet.biblejournal.ejb.BJTopicManagerFactory" class="com.liferay.portlet.biblejournal.ejb.BJTopicManagerFactory" lazy-init="true">
		<property name="manager">
			<ref bean="com.liferay.portlet.biblejournal.ejb.BJTopicManager.professional" />
		</property>
	</bean>
	<bean id="com.liferay.portlet.biblejournal.ejb.BJVerseLocalManager.professional" class="com.liferay.portlet.biblejournal.ejb.BJVerseLocalManagerImpl" lazy-init="true" />
	<bean id="com.liferay.portlet.biblejournal.ejb.BJVerseLocalManagerFactory" class="com.liferay.portlet.biblejournal.ejb.BJVerseLocalManagerFactory" lazy-init="true">
		<property name="manager">
			<ref bean="com.liferay.portlet.biblejournal.ejb.BJVerseLocalManager.professional" />
		</property>
	</bean>
	<bean id="com.liferay.portlet.biblejournal.ejb.BJVerseRemoteManager.professional" class="com.liferay.portlet.biblejournal.ejb.BJVerseLocalManagerImpl" lazy-init="true" />
	<bean id="com.liferay.portlet.biblejournal.ejb.BJVerseRemoteManagerFactory" class="com.liferay.portlet.biblejournal.ejb.BJVerseRemoteManagerFactory" lazy-init="true">
		<property name="manager">
			<ref bean="com.liferay.portlet.biblejournal.ejb.BJVerseRemoteManager.professional" />
		</property>
	</bean>
	<bean id="com.liferay.portlet.biblejournal.ejb.BJVerseManager.professional" class="com.liferay.portlet.biblejournal.ejb.BJVerseManagerImpl" lazy-init="true" />
	<bean id="com.liferay.portlet.biblejournal.ejb.BJVerseManagerFactory" class="com.liferay.portlet.biblejournal.ejb.BJVerseManagerFactory" lazy-init="true">
		<property name="manager">
			<ref bean="com.liferay.portlet.biblejournal.ejb.BJVerseManager.professional" />
		</property>
	</bean>
	<bean id="com.liferay.portlet.blogs.ejb.BlogsCategoryLocalManager.professional" class="com.liferay.portlet.blogs.ejb.BlogsCategoryLocalManagerImpl" lazy-init="true" />
	<bean id="com.liferay.portlet.blogs.ejb.BlogsCategoryLocalManagerFactory" class="com.liferay.portlet.blogs.ejb.BlogsCategoryLocalManagerFactory" lazy-init="true">
		<property name="manager">
			<ref bean="com.liferay.portlet.blogs.ejb.BlogsCategoryLocalManager.professional" />
		</property>
	</bean>
	<bean id="com.liferay.portlet.blogs.ejb.BlogsCategoryRemoteManager.professional" class="com.liferay.portlet.blogs.ejb.BlogsCategoryLocalManagerImpl" lazy-init="true" />
	<bean id="com.liferay.portlet.blogs.ejb.BlogsCategoryRemoteManagerFactory" class="com.liferay.portlet.blogs.ejb.BlogsCategoryRemoteManagerFactory" lazy-init="true">
		<property name="manager">
			<ref bean="com.liferay.portlet.blogs.ejb.BlogsCategoryRemoteManager.professional" />
		</property>
	</bean>
	<bean id="com.liferay.portlet.blogs.ejb.BlogsCategoryManager.professional" class="com.liferay.portlet.blogs.ejb.BlogsCategoryManagerImpl" lazy-init="true" />
	<bean id="com.liferay.portlet.blogs.ejb.BlogsCategoryManagerFactory" class="com.liferay.portlet.blogs.ejb.BlogsCategoryManagerFactory" lazy-init="true">
		<property name="manager">
			<ref bean="com.liferay.portlet.blogs.ejb.BlogsCategoryManager.professional" />
		</property>
	</bean>
	<bean id="com.liferay.portlet.blogs.ejb.BlogsCommentsManager.professional" class="com.liferay.portlet.blogs.ejb.BlogsCommentsManagerImpl" lazy-init="true" />
	<bean id="com.liferay.portlet.blogs.ejb.BlogsCommentsManagerFactory" class="com.liferay.portlet.blogs.ejb.BlogsCommentsManagerFactory" lazy-init="true">
		<property name="manager">
			<ref bean="com.liferay.portlet.blogs.ejb.BlogsCommentsManager.professional" />
		</property>
	</bean>
	<bean id="com.liferay.portlet.blogs.ejb.BlogsEntryLocalManager.professional" class="com.liferay.portlet.blogs.ejb.BlogsEntryLocalManagerImpl" lazy-init="true" />
	<bean id="com.liferay.portlet.blogs.ejb.BlogsEntryLocalManagerFactory" class="com.liferay.portlet.blogs.ejb.BlogsEntryLocalManagerFactory" lazy-init="true">
		<property name="manager">
			<ref bean="com.liferay.portlet.blogs.ejb.BlogsEntryLocalManager.professional" />
		</property>
	</bean>
	<bean id="com.liferay.portlet.blogs.ejb.BlogsEntryRemoteManager.professional" class="com.liferay.portlet.blogs.ejb.BlogsEntryLocalManagerImpl" lazy-init="true" />
	<bean id="com.liferay.portlet.blogs.ejb.BlogsEntryRemoteManagerFactory" class="com.liferay.portlet.blogs.ejb.BlogsEntryRemoteManagerFactory" lazy-init="true">
		<property name="manager">
			<ref bean="com.liferay.portlet.blogs.ejb.BlogsEntryRemoteManager.professional" />
		</property>
	</bean>
	<bean id="com.liferay.portlet.blogs.ejb.BlogsEntryManager.professional" class="com.liferay.portlet.blogs.ejb.BlogsEntryManagerImpl" lazy-init="true" />
	<bean id="com.liferay.portlet.blogs.ejb.BlogsEntryManagerFactory" class="com.liferay.portlet.blogs.ejb.BlogsEntryManagerFactory" lazy-init="true">
		<property name="manager">
			<ref bean="com.liferay.portlet.blogs.ejb.BlogsEntryManager.professional" />
		</property>
	</bean>
	<bean id="com.liferay.portlet.blogs.ejb.BlogsLinkLocalManager.professional" class="com.liferay.portlet.blogs.ejb.BlogsLinkLocalManagerImpl" lazy-init="true" />
	<bean id="com.liferay.portlet.blogs.ejb.BlogsLinkLocalManagerFactory" class="com.liferay.portlet.blogs.ejb.BlogsLinkLocalManagerFactory" lazy-init="true">
		<property name="manager">
			<ref bean="com.liferay.portlet.blogs.ejb.BlogsLinkLocalManager.professional" />
		</property>
	</bean>
	<bean id="com.liferay.portlet.blogs.ejb.BlogsLinkRemoteManager.professional" class="com.liferay.portlet.blogs.ejb.BlogsLinkLocalManagerImpl" lazy-init="true" />
	<bean id="com.liferay.portlet.blogs.ejb.BlogsLinkRemoteManagerFactory" class="com.liferay.portlet.blogs.ejb.BlogsLinkRemoteManagerFactory" lazy-init="true">
		<property name="manager">
			<ref bean="com.liferay.portlet.blogs.ejb.BlogsLinkRemoteManager.professional" />
		</property>
	</bean>
	<bean id="com.liferay.portlet.blogs.ejb.BlogsLinkManager.professional" class="com.liferay.portlet.blogs.ejb.BlogsLinkManagerImpl" lazy-init="true" />
	<bean id="com.liferay.portlet.blogs.ejb.BlogsLinkManagerFactory" class="com.liferay.portlet.blogs.ejb.BlogsLinkManagerFactory" lazy-init="true">
		<property name="manager">
			<ref bean="com.liferay.portlet.blogs.ejb.BlogsLinkManager.professional" />
		</property>
	</bean>
	<bean id="com.liferay.portlet.blogs.ejb.BlogsPropsManager.professional" class="com.liferay.portlet.blogs.ejb.BlogsPropsManagerImpl" lazy-init="true" />
	<bean id="com.liferay.portlet.blogs.ejb.BlogsPropsManagerFactory" class="com.liferay.portlet.blogs.ejb.BlogsPropsManagerFactory" lazy-init="true">
		<property name="manager">
			<ref bean="com.liferay.portlet.blogs.ejb.BlogsPropsManager.professional" />
		</property>
	</bean>
	<bean id="com.liferay.portlet.blogs.ejb.BlogsRefererManager.professional" class="com.liferay.portlet.blogs.ejb.BlogsRefererManagerImpl" lazy-init="true" />
	<bean id="com.liferay.portlet.blogs.ejb.BlogsRefererManagerFactory" class="com.liferay.portlet.blogs.ejb.BlogsRefererManagerFactory" lazy-init="true">
		<property name="manager">
			<ref bean="com.liferay.portlet.blogs.ejb.BlogsRefererManager.professional" />
		</property>
	</bean>
	<bean id="com.liferay.portlet.blogs.ejb.BlogsUserLocalManager.professional" class="com.liferay.portlet.blogs.ejb.BlogsUserLocalManagerImpl" lazy-init="true" />
	<bean id="com.liferay.portlet.blogs.ejb.BlogsUserLocalManagerFactory" class="com.liferay.portlet.blogs.ejb.BlogsUserLocalManagerFactory" lazy-init="true">
		<property name="manager">
			<ref bean="com.liferay.portlet.blogs.ejb.BlogsUserLocalManager.professional" />
		</property>
	</bean>
	<bean id="com.liferay.portlet.blogs.ejb.BlogsUserRemoteManager.professional" class="com.liferay.portlet.blogs.ejb.BlogsUserLocalManagerImpl" lazy-init="true" />
	<bean id="com.liferay.portlet.blogs.ejb.BlogsUserRemoteManagerFactory" class="com.liferay.portlet.blogs.ejb.BlogsUserRemoteManagerFactory" lazy-init="true">
		<property name="manager">
			<ref bean="com.liferay.portlet.blogs.ejb.BlogsUserRemoteManager.professional" />
		</property>
	</bean>
	<bean id="com.liferay.portlet.blogs.ejb.BlogsUserManager.professional" class="com.liferay.portlet.blogs.ejb.BlogsUserManagerImpl" lazy-init="true" />
	<bean id="com.liferay.portlet.blogs.ejb.BlogsUserManagerFactory" class="com.liferay.portlet.blogs.ejb.BlogsUserManagerFactory" lazy-init="true">
		<property name="manager">
			<ref bean="com.liferay.portlet.blogs.ejb.BlogsUserManager.professional" />
		</property>
	</bean>
	<bean id="com.liferay.portlet.bookmarks.ejb.BookmarksEntryLocalManager.professional" class="com.liferay.portlet.bookmarks.ejb.BookmarksEntryLocalManagerImpl" lazy-init="true" />
	<bean id="com.liferay.portlet.bookmarks.ejb.BookmarksEntryLocalManagerFactory" class="com.liferay.portlet.bookmarks.ejb.BookmarksEntryLocalManagerFactory" lazy-init="true">
		<property name="manager">
			<ref bean="com.liferay.portlet.bookmarks.ejb.BookmarksEntryLocalManager.professional" />
		</property>
	</bean>
	<bean id="com.liferay.portlet.bookmarks.ejb.BookmarksEntryRemoteManager.professional" class="com.liferay.portlet.bookmarks.ejb.BookmarksEntryLocalManagerImpl" lazy-init="true" />
	<bean id="com.liferay.portlet.bookmarks.ejb.BookmarksEntryRemoteManagerFactory" class="com.liferay.portlet.bookmarks.ejb.BookmarksEntryRemoteManagerFactory" lazy-init="true">
		<property name="manager">
			<ref bean="com.liferay.portlet.bookmarks.ejb.BookmarksEntryRemoteManager.professional" />
		</property>
	</bean>
	<bean id="com.liferay.portlet.bookmarks.ejb.BookmarksEntryManager.professional" class="com.liferay.portlet.bookmarks.ejb.BookmarksEntryManagerImpl" lazy-init="true" />
	<bean id="com.liferay.portlet.bookmarks.ejb.BookmarksEntryManagerFactory" class="com.liferay.portlet.bookmarks.ejb.BookmarksEntryManagerFactory" lazy-init="true">
		<property name="manager">
			<ref bean="com.liferay.portlet.bookmarks.ejb.BookmarksEntryManager.professional" />
		</property>
	</bean>
	<bean id="com.liferay.portlet.bookmarks.ejb.BookmarksFolderLocalManager.professional" class="com.liferay.portlet.bookmarks.ejb.BookmarksFolderLocalManagerImpl" lazy-init="true" />
	<bean id="com.liferay.portlet.bookmarks.ejb.BookmarksFolderLocalManagerFactory" class="com.liferay.portlet.bookmarks.ejb.BookmarksFolderLocalManagerFactory" lazy-init="true">
		<property name="manager">
			<ref bean="com.liferay.portlet.bookmarks.ejb.BookmarksFolderLocalManager.professional" />
		</property>
	</bean>
	<bean id="com.liferay.portlet.bookmarks.ejb.BookmarksFolderRemoteManager.professional" class="com.liferay.portlet.bookmarks.ejb.BookmarksFolderLocalManagerImpl" lazy-init="true" />
	<bean id="com.liferay.portlet.bookmarks.ejb.BookmarksFolderRemoteManagerFactory" class="com.liferay.portlet.bookmarks.ejb.BookmarksFolderRemoteManagerFactory" lazy-init="true">
		<property name="manager">
			<ref bean="com.liferay.portlet.bookmarks.ejb.BookmarksFolderRemoteManager.professional" />
		</property>
	</bean>
	<bean id="com.liferay.portlet.bookmarks.ejb.BookmarksFolderManager.professional" class="com.liferay.portlet.bookmarks.ejb.BookmarksFolderManagerImpl" lazy-init="true" />
	<bean id="com.liferay.portlet.bookmarks.ejb.BookmarksFolderManagerFactory" class="com.liferay.portlet.bookmarks.ejb.BookmarksFolderManagerFactory" lazy-init="true">
		<property name="manager">
			<ref bean="com.liferay.portlet.bookmarks.ejb.BookmarksFolderManager.professional" />
		</property>
	</bean>
	<bean id="com.liferay.portlet.calendar.ejb.CalEventLocalManager.professional" class="com.liferay.portlet.calendar.ejb.CalEventLocalManagerImpl" lazy-init="true" />
	<bean id="com.liferay.portlet.calendar.ejb.CalEventLocalManagerFactory" class="com.liferay.portlet.calendar.ejb.CalEventLocalManagerFactory" lazy-init="true">
		<property name="manager">
			<ref bean="com.liferay.portlet.calendar.ejb.CalEventLocalManager.professional" />
		</property>
	</bean>
	<bean id="com.liferay.portlet.calendar.ejb.CalEventRemoteManager.professional" class="com.liferay.portlet.calendar.ejb.CalEventLocalManagerImpl" lazy-init="true" />
	<bean id="com.liferay.portlet.calendar.ejb.CalEventRemoteManagerFactory" class="com.liferay.portlet.calendar.ejb.CalEventRemoteManagerFactory" lazy-init="true">
		<property name="manager">
			<ref bean="com.liferay.portlet.calendar.ejb.CalEventRemoteManager.professional" />
		</property>
	</bean>
	<bean id="com.liferay.portlet.calendar.ejb.CalEventManager.professional" class="com.liferay.portlet.calendar.ejb.CalEventManagerImpl" lazy-init="true" />
	<bean id="com.liferay.portlet.calendar.ejb.CalEventManagerFactory" class="com.liferay.portlet.calendar.ejb.CalEventManagerFactory" lazy-init="true">
		<property name="manager">
			<ref bean="com.liferay.portlet.calendar.ejb.CalEventManager.professional" />
		</property>
	</bean>
	<bean id="com.liferay.portlet.calendar.ejb.CalTaskLocalManager.professional" class="com.liferay.portlet.calendar.ejb.CalTaskLocalManagerImpl" lazy-init="true" />
	<bean id="com.liferay.portlet.calendar.ejb.CalTaskLocalManagerFactory" class="com.liferay.portlet.calendar.ejb.CalTaskLocalManagerFactory" lazy-init="true">
		<property name="manager">
			<ref bean="com.liferay.portlet.calendar.ejb.CalTaskLocalManager.professional" />
		</property>
	</bean>
	<bean id="com.liferay.portlet.calendar.ejb.CalTaskRemoteManager.professional" class="com.liferay.portlet.calendar.ejb.CalTaskLocalManagerImpl" lazy-init="true" />
	<bean id="com.liferay.portlet.calendar.ejb.CalTaskRemoteManagerFactory" class="com.liferay.portlet.calendar.ejb.CalTaskRemoteManagerFactory" lazy-init="true">
		<property name="manager">
			<ref bean="com.liferay.portlet.calendar.ejb.CalTaskRemoteManager.professional" />
		</property>
	</bean>
	<bean id="com.liferay.portlet.calendar.ejb.CalTaskManager.professional" class="com.liferay.portlet.calendar.ejb.CalTaskManagerImpl" lazy-init="true" />
	<bean id="com.liferay.portlet.calendar.ejb.CalTaskManagerFactory" class="com.liferay.portlet.calendar.ejb.CalTaskManagerFactory" lazy-init="true">
		<property name="manager">
			<ref bean="com.liferay.portlet.calendar.ejb.CalTaskManager.professional" />
		</property>
	</bean>
	<bean id="com.liferay.portlet.documentlibrary.ejb.DLFileProfileLocalManager.professional" class="com.liferay.portlet.documentlibrary.ejb.DLFileProfileLocalManagerImpl" lazy-init="true" />
	<bean id="com.liferay.portlet.documentlibrary.ejb.DLFileProfileLocalManagerFactory" class="com.liferay.portlet.documentlibrary.ejb.DLFileProfileLocalManagerFactory" lazy-init="true">
		<property name="manager">
			<ref bean="com.liferay.portlet.documentlibrary.ejb.DLFileProfileLocalManager.professional" />
		</property>
	</bean>
	<bean id="com.liferay.portlet.documentlibrary.ejb.DLFileProfileRemoteManager.professional" class="com.liferay.portlet.documentlibrary.ejb.DLFileProfileLocalManagerImpl" lazy-init="true" />
	<bean id="com.liferay.portlet.documentlibrary.ejb.DLFileProfileRemoteManagerFactory" class="com.liferay.portlet.documentlibrary.ejb.DLFileProfileRemoteManagerFactory" lazy-init="true">
		<property name="manager">
			<ref bean="com.liferay.portlet.documentlibrary.ejb.DLFileProfileRemoteManager.professional" />
		</property>
	</bean>
	<bean id="com.liferay.portlet.documentlibrary.ejb.DLFileProfileManager.professional" class="com.liferay.portlet.documentlibrary.ejb.DLFileProfileManagerImpl" lazy-init="true" />
	<bean id="com.liferay.portlet.documentlibrary.ejb.DLFileProfileManagerFactory" class="com.liferay.portlet.documentlibrary.ejb.DLFileProfileManagerFactory" lazy-init="true">
		<property name="manager">
			<ref bean="com.liferay.portlet.documentlibrary.ejb.DLFileProfileManager.professional" />
		</property>
	</bean>
	<bean id="com.liferay.portlet.documentlibrary.ejb.DLFileRankLocalManager.professional" class="com.liferay.portlet.documentlibrary.ejb.DLFileRankLocalManagerImpl" lazy-init="true" />
	<bean id="com.liferay.portlet.documentlibrary.ejb.DLFileRankLocalManagerFactory" class="com.liferay.portlet.documentlibrary.ejb.DLFileRankLocalManagerFactory" lazy-init="true">
		<property name="manager">
			<ref bean="com.liferay.portlet.documentlibrary.ejb.DLFileRankLocalManager.professional" />
		</property>
	</bean>
	<bean id="com.liferay.portlet.documentlibrary.ejb.DLFileRankRemoteManager.professional" class="com.liferay.portlet.documentlibrary.ejb.DLFileRankLocalManagerImpl" lazy-init="true" />
	<bean id="com.liferay.portlet.documentlibrary.ejb.DLFileRankRemoteManagerFactory" class="com.liferay.portlet.documentlibrary.ejb.DLFileRankRemoteManagerFactory" lazy-init="true">
		<property name="manager">
			<ref bean="com.liferay.portlet.documentlibrary.ejb.DLFileRankRemoteManager.professional" />
		</property>
	</bean>
	<bean id="com.liferay.portlet.documentlibrary.ejb.DLFileRankManager.professional" class="com.liferay.portlet.documentlibrary.ejb.DLFileRankManagerImpl" lazy-init="true" />
	<bean id="com.liferay.portlet.documentlibrary.ejb.DLFileRankManagerFactory" class="com.liferay.portlet.documentlibrary.ejb.DLFileRankManagerFactory" lazy-init="true">
		<property name="manager">
			<ref bean="com.liferay.portlet.documentlibrary.ejb.DLFileRankManager.professional" />
		</property>
	</bean>
	<bean id="com.liferay.portlet.documentlibrary.ejb.DLFileVersionLocalManager.professional" class="com.liferay.portlet.documentlibrary.ejb.DLFileVersionLocalManagerImpl" lazy-init="true" />
	<bean id="com.liferay.portlet.documentlibrary.ejb.DLFileVersionLocalManagerFactory" class="com.liferay.portlet.documentlibrary.ejb.DLFileVersionLocalManagerFactory" lazy-init="true">
		<property name="manager">
			<ref bean="com.liferay.portlet.documentlibrary.ejb.DLFileVersionLocalManager.professional" />
		</property>
	</bean>
	<bean id="com.liferay.portlet.documentlibrary.ejb.DLFileVersionRemoteManager.professional" class="com.liferay.portlet.documentlibrary.ejb.DLFileVersionLocalManagerImpl" lazy-init="true" />
	<bean id="com.liferay.portlet.documentlibrary.ejb.DLFileVersionRemoteManagerFactory" class="com.liferay.portlet.documentlibrary.ejb.DLFileVersionRemoteManagerFactory" lazy-init="true">
		<property name="manager">
			<ref bean="com.liferay.portlet.documentlibrary.ejb.DLFileVersionRemoteManager.professional" />
		</property>
	</bean>
	<bean id="com.liferay.portlet.documentlibrary.ejb.DLFileVersionManager.professional" class="com.liferay.portlet.documentlibrary.ejb.DLFileVersionManagerImpl" lazy-init="true" />
	<bean id="com.liferay.portlet.documentlibrary.ejb.DLFileVersionManagerFactory" class="com.liferay.portlet.documentlibrary.ejb.DLFileVersionManagerFactory" lazy-init="true">
		<property name="manager">
			<ref bean="com.liferay.portlet.documentlibrary.ejb.DLFileVersionManager.professional" />
		</property>
	</bean>
	<bean id="com.liferay.portlet.documentlibrary.ejb.DLRepositoryLocalManager.professional" class="com.liferay.portlet.documentlibrary.ejb.DLRepositoryLocalManagerImpl" lazy-init="true" />
	<bean id="com.liferay.portlet.documentlibrary.ejb.DLRepositoryLocalManagerFactory" class="com.liferay.portlet.documentlibrary.ejb.DLRepositoryLocalManagerFactory" lazy-init="true">
		<property name="manager">
			<ref bean="com.liferay.portlet.documentlibrary.ejb.DLRepositoryLocalManager.professional" />
		</property>
	</bean>
	<bean id="com.liferay.portlet.documentlibrary.ejb.DLRepositoryRemoteManager.professional" class="com.liferay.portlet.documentlibrary.ejb.DLRepositoryLocalManagerImpl" lazy-init="true" />
	<bean id="com.liferay.portlet.documentlibrary.ejb.DLRepositoryRemoteManagerFactory" class="com.liferay.portlet.documentlibrary.ejb.DLRepositoryRemoteManagerFactory" lazy-init="true">
		<property name="manager">
			<ref bean="com.liferay.portlet.documentlibrary.ejb.DLRepositoryRemoteManager.professional" />
		</property>
	</bean>
	<bean id="com.liferay.portlet.documentlibrary.ejb.DLRepositoryManager.professional" class="com.liferay.portlet.documentlibrary.ejb.DLRepositoryManagerImpl" lazy-init="true" />
	<bean id="com.liferay.portlet.documentlibrary.ejb.DLRepositoryManagerFactory" class="com.liferay.portlet.documentlibrary.ejb.DLRepositoryManagerFactory" lazy-init="true">
		<property name="manager">
			<ref bean="com.liferay.portlet.documentlibrary.ejb.DLRepositoryManager.professional" />
		</property>
	</bean>
	<bean id="com.liferay.portlet.imagegallery.ejb.IGFolderLocalManager.professional" class="com.liferay.portlet.imagegallery.ejb.IGFolderLocalManagerImpl" lazy-init="true" />
	<bean id="com.liferay.portlet.imagegallery.ejb.IGFolderLocalManagerFactory" class="com.liferay.portlet.imagegallery.ejb.IGFolderLocalManagerFactory" lazy-init="true">
		<property name="manager">
			<ref bean="com.liferay.portlet.imagegallery.ejb.IGFolderLocalManager.professional" />
		</property>
	</bean>
	<bean id="com.liferay.portlet.imagegallery.ejb.IGFolderRemoteManager.professional" class="com.liferay.portlet.imagegallery.ejb.IGFolderLocalManagerImpl" lazy-init="true" />
	<bean id="com.liferay.portlet.imagegallery.ejb.IGFolderRemoteManagerFactory" class="com.liferay.portlet.imagegallery.ejb.IGFolderRemoteManagerFactory" lazy-init="true">
		<property name="manager">
			<ref bean="com.liferay.portlet.imagegallery.ejb.IGFolderRemoteManager.professional" />
		</property>
	</bean>
	<bean id="com.liferay.portlet.imagegallery.ejb.IGFolderManager.professional" class="com.liferay.portlet.imagegallery.ejb.IGFolderManagerImpl" lazy-init="true" />
	<bean id="com.liferay.portlet.imagegallery.ejb.IGFolderManagerFactory" class="com.liferay.portlet.imagegallery.ejb.IGFolderManagerFactory" lazy-init="true">
		<property name="manager">
			<ref bean="com.liferay.portlet.imagegallery.ejb.IGFolderManager.professional" />
		</property>
	</bean>
	<bean id="com.liferay.portlet.imagegallery.ejb.IGImageManager.professional" class="com.liferay.portlet.imagegallery.ejb.IGImageManagerImpl" lazy-init="true" />
	<bean id="com.liferay.portlet.imagegallery.ejb.IGImageManagerFactory" class="com.liferay.portlet.imagegallery.ejb.IGImageManagerFactory" lazy-init="true">
		<property name="manager">
			<ref bean="com.liferay.portlet.imagegallery.ejb.IGImageManager.professional" />
		</property>
	</bean>
	<bean id="com.liferay.portlet.journal.ejb.JournalArticleLocalManager.professional" class="com.liferay.portlet.journal.ejb.JournalArticleLocalManagerImpl" lazy-init="true" />
	<bean id="com.liferay.portlet.journal.ejb.JournalArticleLocalManagerFactory" class="com.liferay.portlet.journal.ejb.JournalArticleLocalManagerFactory" lazy-init="true">
		<property name="manager">
			<ref bean="com.liferay.portlet.journal.ejb.JournalArticleLocalManager.professional" />
		</property>
	</bean>
	<bean id="com.liferay.portlet.journal.ejb.JournalArticleRemoteManager.professional" class="com.liferay.portlet.journal.ejb.JournalArticleLocalManagerImpl" lazy-init="true" />
	<bean id="com.liferay.portlet.journal.ejb.JournalArticleRemoteManagerFactory" class="com.liferay.portlet.journal.ejb.JournalArticleRemoteManagerFactory" lazy-init="true">
		<property name="manager">
			<ref bean="com.liferay.portlet.journal.ejb.JournalArticleRemoteManager.professional" />
		</property>
	</bean>
	<bean id="com.liferay.portlet.journal.ejb.JournalArticleManager.professional" class="com.liferay.portlet.journal.ejb.JournalArticleManagerImpl" lazy-init="true" />
	<bean id="com.liferay.portlet.journal.ejb.JournalArticleManagerFactory" class="com.liferay.portlet.journal.ejb.JournalArticleManagerFactory" lazy-init="true">
		<property name="manager">
			<ref bean="com.liferay.portlet.journal.ejb.JournalArticleManager.professional" />
		</property>
	</bean>
	<bean id="com.liferay.portlet.journal.ejb.JournalStructureLocalManager.professional" class="com.liferay.portlet.journal.ejb.JournalStructureLocalManagerImpl" lazy-init="true" />
	<bean id="com.liferay.portlet.journal.ejb.JournalStructureLocalManagerFactory" class="com.liferay.portlet.journal.ejb.JournalStructureLocalManagerFactory" lazy-init="true">
		<property name="manager">
			<ref bean="com.liferay.portlet.journal.ejb.JournalStructureLocalManager.professional" />
		</property>
	</bean>
	<bean id="com.liferay.portlet.journal.ejb.JournalStructureRemoteManager.professional" class="com.liferay.portlet.journal.ejb.JournalStructureLocalManagerImpl" lazy-init="true" />
	<bean id="com.liferay.portlet.journal.ejb.JournalStructureRemoteManagerFactory" class="com.liferay.portlet.journal.ejb.JournalStructureRemoteManagerFactory" lazy-init="true">
		<property name="manager">
			<ref bean="com.liferay.portlet.journal.ejb.JournalStructureRemoteManager.professional" />
		</property>
	</bean>
	<bean id="com.liferay.portlet.journal.ejb.JournalStructureManager.professional" class="com.liferay.portlet.journal.ejb.JournalStructureManagerImpl" lazy-init="true" />
	<bean id="com.liferay.portlet.journal.ejb.JournalStructureManagerFactory" class="com.liferay.portlet.journal.ejb.JournalStructureManagerFactory" lazy-init="true">
		<property name="manager">
			<ref bean="com.liferay.portlet.journal.ejb.JournalStructureManager.professional" />
		</property>
	</bean>
	<bean id="com.liferay.portlet.journal.ejb.JournalTemplateLocalManager.professional" class="com.liferay.portlet.journal.ejb.JournalTemplateLocalManagerImpl" lazy-init="true" />
	<bean id="com.liferay.portlet.journal.ejb.JournalTemplateLocalManagerFactory" class="com.liferay.portlet.journal.ejb.JournalTemplateLocalManagerFactory" lazy-init="true">
		<property name="manager">
			<ref bean="com.liferay.portlet.journal.ejb.JournalTemplateLocalManager.professional" />
		</property>
	</bean>
	<bean id="com.liferay.portlet.journal.ejb.JournalTemplateRemoteManager.professional" class="com.liferay.portlet.journal.ejb.JournalTemplateLocalManagerImpl" lazy-init="true" />
	<bean id="com.liferay.portlet.journal.ejb.JournalTemplateRemoteManagerFactory" class="com.liferay.portlet.journal.ejb.JournalTemplateRemoteManagerFactory" lazy-init="true">
		<property name="manager">
			<ref bean="com.liferay.portlet.journal.ejb.JournalTemplateRemoteManager.professional" />
		</property>
	</bean>
	<bean id="com.liferay.portlet.journal.ejb.JournalTemplateManager.professional" class="com.liferay.portlet.journal.ejb.JournalTemplateManagerImpl" lazy-init="true" />
	<bean id="com.liferay.portlet.journal.ejb.JournalTemplateManagerFactory" class="com.liferay.portlet.journal.ejb.JournalTemplateManagerFactory" lazy-init="true">
		<property name="manager">
			<ref bean="com.liferay.portlet.journal.ejb.JournalTemplateManager.professional" />
		</property>
	</bean>
	<bean id="com.liferay.portlet.mail.ejb.MailReceiptLocalManager.professional" class="com.liferay.portlet.mail.ejb.MailReceiptLocalManagerImpl" lazy-init="true" />
	<bean id="com.liferay.portlet.mail.ejb.MailReceiptLocalManagerFactory" class="com.liferay.portlet.mail.ejb.MailReceiptLocalManagerFactory" lazy-init="true">
		<property name="manager">
			<ref bean="com.liferay.portlet.mail.ejb.MailReceiptLocalManager.professional" />
		</property>
	</bean>
	<bean id="com.liferay.portlet.mail.ejb.MailReceiptRemoteManager.professional" class="com.liferay.portlet.mail.ejb.MailReceiptLocalManagerImpl" lazy-init="true" />
	<bean id="com.liferay.portlet.mail.ejb.MailReceiptRemoteManagerFactory" class="com.liferay.portlet.mail.ejb.MailReceiptRemoteManagerFactory" lazy-init="true">
		<property name="manager">
			<ref bean="com.liferay.portlet.mail.ejb.MailReceiptRemoteManager.professional" />
		</property>
	</bean>
	<bean id="com.liferay.portlet.mail.ejb.MailReceiptManager.professional" class="com.liferay.portlet.mail.ejb.MailReceiptManagerImpl" lazy-init="true" />
	<bean id="com.liferay.portlet.mail.ejb.MailReceiptManagerFactory" class="com.liferay.portlet.mail.ejb.MailReceiptManagerFactory" lazy-init="true">
		<property name="manager">
			<ref bean="com.liferay.portlet.mail.ejb.MailReceiptManager.professional" />
		</property>
	</bean>
	<bean id="com.liferay.portlet.messageboards.ejb.MBMessageManager.professional" class="com.liferay.portlet.messageboards.ejb.MBMessageManagerImpl" lazy-init="true" />
	<bean id="com.liferay.portlet.messageboards.ejb.MBMessageManagerFactory" class="com.liferay.portlet.messageboards.ejb.MBMessageManagerFactory" lazy-init="true">
		<property name="manager">
			<ref bean="com.liferay.portlet.messageboards.ejb.MBMessageManager.professional" />
		</property>
	</bean>
	<bean id="com.liferay.portlet.messageboards.ejb.MBMessageFlagLocalManager.professional" class="com.liferay.portlet.messageboards.ejb.MBMessageFlagLocalManagerImpl" lazy-init="true" />
	<bean id="com.liferay.portlet.messageboards.ejb.MBMessageFlagLocalManagerFactory" class="com.liferay.portlet.messageboards.ejb.MBMessageFlagLocalManagerFactory" lazy-init="true">
		<property name="manager">
			<ref bean="com.liferay.portlet.messageboards.ejb.MBMessageFlagLocalManager.professional" />
		</property>
	</bean>
	<bean id="com.liferay.portlet.messageboards.ejb.MBMessageFlagRemoteManager.professional" class="com.liferay.portlet.messageboards.ejb.MBMessageFlagLocalManagerImpl" lazy-init="true" />
	<bean id="com.liferay.portlet.messageboards.ejb.MBMessageFlagRemoteManagerFactory" class="com.liferay.portlet.messageboards.ejb.MBMessageFlagRemoteManagerFactory" lazy-init="true">
		<property name="manager">
			<ref bean="com.liferay.portlet.messageboards.ejb.MBMessageFlagRemoteManager.professional" />
		</property>
	</bean>
	<bean id="com.liferay.portlet.messageboards.ejb.MBMessageFlagManager.professional" class="com.liferay.portlet.messageboards.ejb.MBMessageFlagManagerImpl" lazy-init="true" />
	<bean id="com.liferay.portlet.messageboards.ejb.MBMessageFlagManagerFactory" class="com.liferay.portlet.messageboards.ejb.MBMessageFlagManagerFactory" lazy-init="true">
		<property name="manager">
			<ref bean="com.liferay.portlet.messageboards.ejb.MBMessageFlagManager.professional" />
		</property>
	</bean>
	<bean id="com.liferay.portlet.messageboards.ejb.MBThreadManager.professional" class="com.liferay.portlet.messageboards.ejb.MBThreadManagerImpl" lazy-init="true" />
	<bean id="com.liferay.portlet.messageboards.ejb.MBThreadManagerFactory" class="com.liferay.portlet.messageboards.ejb.MBThreadManagerFactory" lazy-init="true">
		<property name="manager">
			<ref bean="com.liferay.portlet.messageboards.ejb.MBThreadManager.professional" />
		</property>
	</bean>
	<bean id="com.liferay.portlet.messageboards.ejb.MBTopicLocalManager.professional" class="com.liferay.portlet.messageboards.ejb.MBTopicLocalManagerImpl" lazy-init="true" />
	<bean id="com.liferay.portlet.messageboards.ejb.MBTopicLocalManagerFactory" class="com.liferay.portlet.messageboards.ejb.MBTopicLocalManagerFactory" lazy-init="true">
		<property name="manager">
			<ref bean="com.liferay.portlet.messageboards.ejb.MBTopicLocalManager.professional" />
		</property>
	</bean>
	<bean id="com.liferay.portlet.messageboards.ejb.MBTopicRemoteManager.professional" class="com.liferay.portlet.messageboards.ejb.MBTopicLocalManagerImpl" lazy-init="true" />
	<bean id="com.liferay.portlet.messageboards.ejb.MBTopicRemoteManagerFactory" class="com.liferay.portlet.messageboards.ejb.MBTopicRemoteManagerFactory" lazy-init="true">
		<property name="manager">
			<ref bean="com.liferay.portlet.messageboards.ejb.MBTopicRemoteManager.professional" />
		</property>
	</bean>
	<bean id="com.liferay.portlet.messageboards.ejb.MBTopicManager.professional" class="com.liferay.portlet.messageboards.ejb.MBTopicManagerImpl" lazy-init="true" />
	<bean id="com.liferay.portlet.messageboards.ejb.MBTopicManagerFactory" class="com.liferay.portlet.messageboards.ejb.MBTopicManagerFactory" lazy-init="true">
		<property name="manager">
			<ref bean="com.liferay.portlet.messageboards.ejb.MBTopicManager.professional" />
		</property>
	</bean>
	<bean id="com.liferay.portlet.network.ejb.NetworkAddressLocalManager.professional" class="com.liferay.portlet.network.ejb.NetworkAddressLocalManagerImpl" lazy-init="true" />
	<bean id="com.liferay.portlet.network.ejb.NetworkAddressLocalManagerFactory" class="com.liferay.portlet.network.ejb.NetworkAddressLocalManagerFactory" lazy-init="true">
		<property name="manager">
			<ref bean="com.liferay.portlet.network.ejb.NetworkAddressLocalManager.professional" />
		</property>
	</bean>
	<bean id="com.liferay.portlet.network.ejb.NetworkAddressRemoteManager.professional" class="com.liferay.portlet.network.ejb.NetworkAddressLocalManagerImpl" lazy-init="true" />
	<bean id="com.liferay.portlet.network.ejb.NetworkAddressRemoteManagerFactory" class="com.liferay.portlet.network.ejb.NetworkAddressRemoteManagerFactory" lazy-init="true">
		<property name="manager">
			<ref bean="com.liferay.portlet.network.ejb.NetworkAddressRemoteManager.professional" />
		</property>
	</bean>
	<bean id="com.liferay.portlet.network.ejb.NetworkAddressManager.professional" class="com.liferay.portlet.network.ejb.NetworkAddressManagerImpl" lazy-init="true" />
	<bean id="com.liferay.portlet.network.ejb.NetworkAddressManagerFactory" class="com.liferay.portlet.network.ejb.NetworkAddressManagerFactory" lazy-init="true">
		<property name="manager">
			<ref bean="com.liferay.portlet.network.ejb.NetworkAddressManager.professional" />
		</property>
	</bean>
	<bean id="com.liferay.portlet.polls.ejb.PollsChoiceManager.professional" class="com.liferay.portlet.polls.ejb.PollsChoiceManagerImpl" lazy-init="true" />
	<bean id="com.liferay.portlet.polls.ejb.PollsChoiceManagerFactory" class="com.liferay.portlet.polls.ejb.PollsChoiceManagerFactory" lazy-init="true">
		<property name="manager">
			<ref bean="com.liferay.portlet.polls.ejb.PollsChoiceManager.professional" />
		</property>
	</bean>
	<bean id="com.liferay.portlet.polls.ejb.PollsDisplayLocalManager.professional" class="com.liferay.portlet.polls.ejb.PollsDisplayLocalManagerImpl" lazy-init="true" />
	<bean id="com.liferay.portlet.polls.ejb.PollsDisplayLocalManagerFactory" class="com.liferay.portlet.polls.ejb.PollsDisplayLocalManagerFactory" lazy-init="true">
		<property name="manager">
			<ref bean="com.liferay.portlet.polls.ejb.PollsDisplayLocalManager.professional" />
		</property>
	</bean>
	<bean id="com.liferay.portlet.polls.ejb.PollsDisplayRemoteManager.professional" class="com.liferay.portlet.polls.ejb.PollsDisplayLocalManagerImpl" lazy-init="true" />
	<bean id="com.liferay.portlet.polls.ejb.PollsDisplayRemoteManagerFactory" class="com.liferay.portlet.polls.ejb.PollsDisplayRemoteManagerFactory" lazy-init="true">
		<property name="manager">
			<ref bean="com.liferay.portlet.polls.ejb.PollsDisplayRemoteManager.professional" />
		</property>
	</bean>
	<bean id="com.liferay.portlet.polls.ejb.PollsDisplayManager.professional" class="com.liferay.portlet.polls.ejb.PollsDisplayManagerImpl" lazy-init="true" />
	<bean id="com.liferay.portlet.polls.ejb.PollsDisplayManagerFactory" class="com.liferay.portlet.polls.ejb.PollsDisplayManagerFactory" lazy-init="true">
		<property name="manager">
			<ref bean="com.liferay.portlet.polls.ejb.PollsDisplayManager.professional" />
		</property>
	</bean>
	<bean id="com.liferay.portlet.polls.ejb.PollsQuestionLocalManager.professional" class="com.liferay.portlet.polls.ejb.PollsQuestionLocalManagerImpl" lazy-init="true" />
	<bean id="com.liferay.portlet.polls.ejb.PollsQuestionLocalManagerFactory" class="com.liferay.portlet.polls.ejb.PollsQuestionLocalManagerFactory" lazy-init="true">
		<property name="manager">
			<ref bean="com.liferay.portlet.polls.ejb.PollsQuestionLocalManager.professional" />
		</property>
	</bean>
	<bean id="com.liferay.portlet.polls.ejb.PollsQuestionRemoteManager.professional" class="com.liferay.portlet.polls.ejb.PollsQuestionLocalManagerImpl" lazy-init="true" />
	<bean id="com.liferay.portlet.polls.ejb.PollsQuestionRemoteManagerFactory" class="com.liferay.portlet.polls.ejb.PollsQuestionRemoteManagerFactory" lazy-init="true">
		<property name="manager">
			<ref bean="com.liferay.portlet.polls.ejb.PollsQuestionRemoteManager.professional" />
		</property>
	</bean>
	<bean id="com.liferay.portlet.polls.ejb.PollsQuestionManager.professional" class="com.liferay.portlet.polls.ejb.PollsQuestionManagerImpl" lazy-init="true" />
	<bean id="com.liferay.portlet.polls.ejb.PollsQuestionManagerFactory" class="com.liferay.portlet.polls.ejb.PollsQuestionManagerFactory" lazy-init="true">
		<property name="manager">
			<ref bean="com.liferay.portlet.polls.ejb.PollsQuestionManager.professional" />
		</property>
	</bean>
	<bean id="com.liferay.portlet.polls.ejb.PollsVoteManager.professional" class="com.liferay.portlet.polls.ejb.PollsVoteManagerImpl" lazy-init="true" />
	<bean id="com.liferay.portlet.polls.ejb.PollsVoteManagerFactory" class="com.liferay.portlet.polls.ejb.PollsVoteManagerFactory" lazy-init="true">
		<property name="manager">
			<ref bean="com.liferay.portlet.polls.ejb.PollsVoteManager.professional" />
		</property>
	</bean>
	<bean id="com.liferay.portlet.project.ejb.ProjFirmManager.professional" class="com.liferay.portlet.project.ejb.ProjFirmManagerImpl" lazy-init="true" />
	<bean id="com.liferay.portlet.project.ejb.ProjFirmManagerFactory" class="com.liferay.portlet.project.ejb.ProjFirmManagerFactory" lazy-init="true">
		<property name="manager">
			<ref bean="com.liferay.portlet.project.ejb.ProjFirmManager.professional" />
		</property>
	</bean>
	<bean id="com.liferay.portlet.project.ejb.ProjProjectManager.professional" class="com.liferay.portlet.project.ejb.ProjProjectManagerImpl" lazy-init="true" />
	<bean id="com.liferay.portlet.project.ejb.ProjProjectManagerFactory" class="com.liferay.portlet.project.ejb.ProjProjectManagerFactory" lazy-init="true">
		<property name="manager">
			<ref bean="com.liferay.portlet.project.ejb.ProjProjectManager.professional" />
		</property>
	</bean>
	<bean id="com.liferay.portlet.project.ejb.ProjTaskManager.professional" class="com.liferay.portlet.project.ejb.ProjTaskManagerImpl" lazy-init="true" />
	<bean id="com.liferay.portlet.project.ejb.ProjTaskManagerFactory" class="com.liferay.portlet.project.ejb.ProjTaskManagerFactory" lazy-init="true">
		<property name="manager">
			<ref bean="com.liferay.portlet.project.ejb.ProjTaskManager.professional" />
		</property>
	</bean>
	<bean id="com.liferay.portlet.project.ejb.ProjTimeManager.professional" class="com.liferay.portlet.project.ejb.ProjTimeManagerImpl" lazy-init="true" />
	<bean id="com.liferay.portlet.project.ejb.ProjTimeManagerFactory" class="com.liferay.portlet.project.ejb.ProjTimeManagerFactory" lazy-init="true">
		<property name="manager">
			<ref bean="com.liferay.portlet.project.ejb.ProjTimeManager.professional" />
		</property>
	</bean>
	<bean id="com.liferay.portlet.shopping.ejb.ShoppingCartLocalManager.professional" class="com.liferay.portlet.shopping.ejb.ShoppingCartLocalManagerImpl" lazy-init="true" />
	<bean id="com.liferay.portlet.shopping.ejb.ShoppingCartLocalManagerFactory" class="com.liferay.portlet.shopping.ejb.ShoppingCartLocalManagerFactory" lazy-init="true">
		<property name="manager">
			<ref bean="com.liferay.portlet.shopping.ejb.ShoppingCartLocalManager.professional" />
		</property>
	</bean>
	<bean id="com.liferay.portlet.shopping.ejb.ShoppingCartRemoteManager.professional" class="com.liferay.portlet.shopping.ejb.ShoppingCartLocalManagerImpl" lazy-init="true" />
	<bean id="com.liferay.portlet.shopping.ejb.ShoppingCartRemoteManagerFactory" class="com.liferay.portlet.shopping.ejb.ShoppingCartRemoteManagerFactory" lazy-init="true">
		<property name="manager">
			<ref bean="com.liferay.portlet.shopping.ejb.ShoppingCartRemoteManager.professional" />
		</property>
	</bean>
	<bean id="com.liferay.portlet.shopping.ejb.ShoppingCartManager.professional" class="com.liferay.portlet.shopping.ejb.ShoppingCartManagerImpl" lazy-init="true" />
	<bean id="com.liferay.portlet.shopping.ejb.ShoppingCartManagerFactory" class="com.liferay.portlet.shopping.ejb.ShoppingCartManagerFactory" lazy-init="true">
		<property name="manager">
			<ref bean="com.liferay.portlet.shopping.ejb.ShoppingCartManager.professional" />
		</property>
	</bean>
	<bean id="com.liferay.portlet.shopping.ejb.ShoppingCategoryManager.professional" class="com.liferay.portlet.shopping.ejb.ShoppingCategoryManagerImpl" lazy-init="true" />
	<bean id="com.liferay.portlet.shopping.ejb.ShoppingCategoryManagerFactory" class="com.liferay.portlet.shopping.ejb.ShoppingCategoryManagerFactory" lazy-init="true">
		<property name="manager">
			<ref bean="com.liferay.portlet.shopping.ejb.ShoppingCategoryManager.professional" />
		</property>
	</bean>
	<bean id="com.liferay.portlet.shopping.ejb.ShoppingCouponManager.professional" class="com.liferay.portlet.shopping.ejb.ShoppingCouponManagerImpl" lazy-init="true" />
	<bean id="com.liferay.portlet.shopping.ejb.ShoppingCouponManagerFactory" class="com.liferay.portlet.shopping.ejb.ShoppingCouponManagerFactory" lazy-init="true">
		<property name="manager">
			<ref bean="com.liferay.portlet.shopping.ejb.ShoppingCouponManager.professional" />
		</property>
	</bean>
	<bean id="com.liferay.portlet.shopping.ejb.ShoppingItemLocalManager.professional" class="com.liferay.portlet.shopping.ejb.ShoppingItemLocalManagerImpl" lazy-init="true" />
	<bean id="com.liferay.portlet.shopping.ejb.ShoppingItemLocalManagerFactory" class="com.liferay.portlet.shopping.ejb.ShoppingItemLocalManagerFactory" lazy-init="true">
		<property name="manager">
			<ref bean="com.liferay.portlet.shopping.ejb.ShoppingItemLocalManager.professional" />
		</property>
	</bean>
	<bean id="com.liferay.portlet.shopping.ejb.ShoppingItemRemoteManager.professional" class="com.liferay.portlet.shopping.ejb.ShoppingItemLocalManagerImpl" lazy-init="true" />
	<bean id="com.liferay.portlet.shopping.ejb.ShoppingItemRemoteManagerFactory" class="com.liferay.portlet.shopping.ejb.ShoppingItemRemoteManagerFactory" lazy-init="true">
		<property name="manager">
			<ref bean="com.liferay.portlet.shopping.ejb.ShoppingItemRemoteManager.professional" />
		</property>
	</bean>
	<bean id="com.liferay.portlet.shopping.ejb.ShoppingItemManager.professional" class="com.liferay.portlet.shopping.ejb.ShoppingItemManagerImpl" lazy-init="true" />
	<bean id="com.liferay.portlet.shopping.ejb.ShoppingItemManagerFactory" class="com.liferay.portlet.shopping.ejb.ShoppingItemManagerFactory" lazy-init="true">
		<property name="manager">
			<ref bean="com.liferay.portlet.shopping.ejb.ShoppingItemManager.professional" />
		</property>
	</bean>
	<bean id="com.liferay.portlet.shopping.ejb.ShoppingItemFieldManager.professional" class="com.liferay.portlet.shopping.ejb.ShoppingItemFieldManagerImpl" lazy-init="true" />
	<bean id="com.liferay.portlet.shopping.ejb.ShoppingItemFieldManagerFactory" class="com.liferay.portlet.shopping.ejb.ShoppingItemFieldManagerFactory" lazy-init="true">
		<property name="manager">
			<ref bean="com.liferay.portlet.shopping.ejb.ShoppingItemFieldManager.professional" />
		</property>
	</bean>
	<bean id="com.liferay.portlet.shopping.ejb.ShoppingItemPriceManager.professional" class="com.liferay.portlet.shopping.ejb.ShoppingItemPriceManagerImpl" lazy-init="true" />
	<bean id="com.liferay.portlet.shopping.ejb.ShoppingItemPriceManagerFactory" class="com.liferay.portlet.shopping.ejb.ShoppingItemPriceManagerFactory" lazy-init="true">
		<property name="manager">
			<ref bean="com.liferay.portlet.shopping.ejb.ShoppingItemPriceManager.professional" />
		</property>
	</bean>
	<bean id="com.liferay.portlet.shopping.ejb.ShoppingOrderLocalManager.professional" class="com.liferay.portlet.shopping.ejb.ShoppingOrderLocalManagerImpl" lazy-init="true" />
	<bean id="com.liferay.portlet.shopping.ejb.ShoppingOrderLocalManagerFactory" class="com.liferay.portlet.shopping.ejb.ShoppingOrderLocalManagerFactory" lazy-init="true">
		<property name="manager">
			<ref bean="com.liferay.portlet.shopping.ejb.ShoppingOrderLocalManager.professional" />
		</property>
	</bean>
	<bean id="com.liferay.portlet.shopping.ejb.ShoppingOrderRemoteManager.professional" class="com.liferay.portlet.shopping.ejb.ShoppingOrderLocalManagerImpl" lazy-init="true" />
	<bean id="com.liferay.portlet.shopping.ejb.ShoppingOrderRemoteManagerFactory" class="com.liferay.portlet.shopping.ejb.ShoppingOrderRemoteManagerFactory" lazy-init="true">
		<property name="manager">
			<ref bean="com.liferay.portlet.shopping.ejb.ShoppingOrderRemoteManager.professional" />
		</property>
	</bean>
	<bean id="com.liferay.portlet.shopping.ejb.ShoppingOrderManager.professional" class="com.liferay.portlet.shopping.ejb.ShoppingOrderManagerImpl" lazy-init="true" />
	<bean id="com.liferay.portlet.shopping.ejb.ShoppingOrderManagerFactory" class="com.liferay.portlet.shopping.ejb.ShoppingOrderManagerFactory" lazy-init="true">
		<property name="manager">
			<ref bean="com.liferay.portlet.shopping.ejb.ShoppingOrderManager.professional" />
		</property>
	</bean>
	<bean id="com.liferay.portlet.shopping.ejb.ShoppingOrderItemManager.professional" class="com.liferay.portlet.shopping.ejb.ShoppingOrderItemManagerImpl" lazy-init="true" />
	<bean id="com.liferay.portlet.shopping.ejb.ShoppingOrderItemManagerFactory" class="com.liferay.portlet.shopping.ejb.ShoppingOrderItemManagerFactory" lazy-init="true">
		<property name="manager">
			<ref bean="com.liferay.portlet.shopping.ejb.ShoppingOrderItemManager.professional" />
		</property>
	</bean>
	<bean id="com.liferay.portlet.wiki.ejb.WikiDisplayLocalManager.professional" class="com.liferay.portlet.wiki.ejb.WikiDisplayLocalManagerImpl" lazy-init="true" />
	<bean id="com.liferay.portlet.wiki.ejb.WikiDisplayLocalManagerFactory" class="com.liferay.portlet.wiki.ejb.WikiDisplayLocalManagerFactory" lazy-init="true">
		<property name="manager">
			<ref bean="com.liferay.portlet.wiki.ejb.WikiDisplayLocalManager.professional" />
		</property>
	</bean>
	<bean id="com.liferay.portlet.wiki.ejb.WikiDisplayRemoteManager.professional" class="com.liferay.portlet.wiki.ejb.WikiDisplayLocalManagerImpl" lazy-init="true" />
	<bean id="com.liferay.portlet.wiki.ejb.WikiDisplayRemoteManagerFactory" class="com.liferay.portlet.wiki.ejb.WikiDisplayRemoteManagerFactory" lazy-init="true">
		<property name="manager">
			<ref bean="com.liferay.portlet.wiki.ejb.WikiDisplayRemoteManager.professional" />
		</property>
	</bean>
	<bean id="com.liferay.portlet.wiki.ejb.WikiDisplayManager.professional" class="com.liferay.portlet.wiki.ejb.WikiDisplayManagerImpl" lazy-init="true" />
	<bean id="com.liferay.portlet.wiki.ejb.WikiDisplayManagerFactory" class="com.liferay.portlet.wiki.ejb.WikiDisplayManagerFactory" lazy-init="true">
		<property name="manager">
			<ref bean="com.liferay.portlet.wiki.ejb.WikiDisplayManager.professional" />
		</property>
	</bean>
	<bean id="com.liferay.portlet.wiki.ejb.WikiNodeLocalManager.professional" class="com.liferay.portlet.wiki.ejb.WikiNodeLocalManagerImpl" lazy-init="true" />
	<bean id="com.liferay.portlet.wiki.ejb.WikiNodeLocalManagerFactory" class="com.liferay.portlet.wiki.ejb.WikiNodeLocalManagerFactory" lazy-init="true">
		<property name="manager">
			<ref bean="com.liferay.portlet.wiki.ejb.WikiNodeLocalManager.professional" />
		</property>
	</bean>
	<bean id="com.liferay.portlet.wiki.ejb.WikiNodeRemoteManager.professional" class="com.liferay.portlet.wiki.ejb.WikiNodeLocalManagerImpl" lazy-init="true" />
	<bean id="com.liferay.portlet.wiki.ejb.WikiNodeRemoteManagerFactory" class="com.liferay.portlet.wiki.ejb.WikiNodeRemoteManagerFactory" lazy-init="true">
		<property name="manager">
			<ref bean="com.liferay.portlet.wiki.ejb.WikiNodeRemoteManager.professional" />
		</property>
	</bean>
	<bean id="com.liferay.portlet.wiki.ejb.WikiNodeManager.professional" class="com.liferay.portlet.wiki.ejb.WikiNodeManagerImpl" lazy-init="true" />
	<bean id="com.liferay.portlet.wiki.ejb.WikiNodeManagerFactory" class="com.liferay.portlet.wiki.ejb.WikiNodeManagerFactory" lazy-init="true">
		<property name="manager">
			<ref bean="com.liferay.portlet.wiki.ejb.WikiNodeManager.professional" />
		</property>
	</bean>
	<bean id="com.liferay.portlet.wiki.ejb.WikiPageLocalManager.professional" class="com.liferay.portlet.wiki.ejb.WikiPageLocalManagerImpl" lazy-init="true" />
	<bean id="com.liferay.portlet.wiki.ejb.WikiPageLocalManagerFactory" class="com.liferay.portlet.wiki.ejb.WikiPageLocalManagerFactory" lazy-init="true">
		<property name="manager">
			<ref bean="com.liferay.portlet.wiki.ejb.WikiPageLocalManager.professional" />
		</property>
	</bean>
	<bean id="com.liferay.portlet.wiki.ejb.WikiPageRemoteManager.professional" class="com.liferay.portlet.wiki.ejb.WikiPageLocalManagerImpl" lazy-init="true" />
	<bean id="com.liferay.portlet.wiki.ejb.WikiPageRemoteManagerFactory" class="com.liferay.portlet.wiki.ejb.WikiPageRemoteManagerFactory" lazy-init="true">
		<property name="manager">
			<ref bean="com.liferay.portlet.wiki.ejb.WikiPageRemoteManager.professional" />
		</property>
	</bean>
	<bean id="com.liferay.portlet.wiki.ejb.WikiPageManager.professional" class="com.liferay.portlet.wiki.ejb.WikiPageManagerImpl" lazy-init="true" />
	<bean id="com.liferay.portlet.wiki.ejb.WikiPageManagerFactory" class="com.liferay.portlet.wiki.ejb.WikiPageManagerFactory" lazy-init="true">
		<property name="manager">
			<ref bean="com.liferay.portlet.wiki.ejb.WikiPageManager.professional" />
		</property>
	</bean>
</beans>