<eviction wakeUpInterval="500">

	<default algorithmClass="org.jboss.cache.eviction.FIFOAlgorithm"
		eventQueueSize="200000">
		<property name="maxNodes" value="100" />
		<property name="minTimeToLive" value="0" />
	</default>
	
	
	<region name="dotCMSLayoutCache">
		<property name="maxNodes">100</property>
	</region>
	
	<region name="FieldsCache">
		<property name="maxNodes">10000</property>
	</region>
	
	<region name="UserProxyCache">
		<property name="maxNodes">5000</property>
	</region>
	
	<region name="dotCMSRoleCache">
		<property name="maxNodes">10000</property>
	</region>
	
	<region name="PluginCache">
		<property name="maxNodes">100</property>
	</region>
	
	<region name="dotCMSRoleKeyCache">
		<property name="maxNodes">10000</property>
	</region>
	
	<region name="FolderCache">
		<property name="maxNodes">10000</property>
	</region>
	
	<region name="PortletPool">
		<property name="maxNodes">100</property>
	</region>
	
	<region name="dotCMSUserRoleCache">
		<property name="maxNodes">100</property>
	</region>
	
	<region name="HostAliasGroup">
		<property name="maxNodes">1000</property>
	</region>
	
	<region name="PortletPreferencesPool">
		<property name="maxNodes">100</property>
	</region>
	
	<region name="VirtualLinksCache">
		<property name="maxNodes">100</property>
	</region>
	
	<region name="AdminConfigPool">
		<property name="maxNodes">100</property>
	</region>
	
	<region name="ReleasePool">
		<property name="maxNodes">10</property>
	</region>
	
	<region name="UserEmailDotCMSCache">
		<property name="maxNodes">1000</property>
	</region>
	 
	<region name="LanguageCacheImpl">
		<property name="maxNodes">5</property>
	</region>
	
	<region name="CompanyPool">
		<property name="maxNodes">5</property>
	</region>
	
	<region name="StructureCache">
		<property name="maxNodes">500</property>
	</region>
	
	<region name="VelocityCache">
		<property name="maxNodes">50000</property>
	</region>

	<region name="VelocityCodeCache">
		<property name="maxNodes">50000</property>
	</region>

	<!-- Contentlet cache -->
	<region name="ContentletCache">
		<property name="maxNodes">50000</property>
	</region>

	<!-- IdentifierCache cache -->
	<region name="IdentifierCache">
		<property name="maxNodes">25000</property>
	</region>

	<!-- PermissionsCache cache -->
	<region name="PermissionCache">
		<property name="maxNodes">50000</property>
	</region>

	<!-- Category caches -->
	<region name="CategoryCache">
		<property name="maxNodes">1000</property>
	</region>

	<region name="categoryByCache">
		<property name="maxNodes">1000</property>
	</region>

	<region name="categoryChildrenCache">
		<property name="maxNodes">12000</property>
	</region>

	<region name="categoryParentsCache">
		<property name="maxNodes">12000</property>
	</region>

	<!-- File cache -->
	<region name="FileCache">
		<property name="maxNodes">10000</property>
	</region>

	<!-- Live cache -->
	<region name="LiveCache">
		<property name="maxNodes">20000</property>
	</region>

	<!-- Working cache -->
	<region name="WorkingCache">
		<property name="maxNodes">20000</property>
	</region>

	<!-- User cache -->
	<region name="UserDotCMSCache">
		<property name="maxNodes">1000</property>
	</region>

	<!-- Host cache -->
	<region name="HostCache">
		<property name="maxNodes">1000</property>
	</region>
</eviction>
