<?xml version="1.0" encoding="UTF-8"?>
<!DOCTYPE log4j:configuration SYSTEM "log4j.dtd">
<log4j:configuration xmlns:log4j="http://jakarta.apache.org/log4j/" debug="false">
    <appender name="CONSOLE" class="org.apache.log4j.ConsoleAppender">
            <layout class="org.apache.log4j.PatternLayout">
                 <param name="ConversionPattern" value="%d %-5p %c - %m%n" />
            </layout>
    </appender>

    <appender name="ASYNC" class="org.apache.log4j.AsyncAppender">
       	<appender-ref ref="FILE"/>
    </appender>

    <appender name="ASYNC-SECURITY" class="org.apache.log4j.AsyncAppender">
       	<appender-ref ref="SECURITY"/>
    </appender>

    <appender name="FILE" class="org.apache.log4j.RollingFileAppender">
            <param name="File" value="${catalina.home}/logs/dotcms.log"/>
            <param name="MaxFileSize" value="20MB"/>
            <param name="MaxBackupIndex" value="10"/>
            <layout class="org.apache.log4j.PatternLayout">
                 <param name="ConversionPattern"
                            value="[%d{dd/MM/yy hh:mm:ss:sss z}] %5p %c{2}: %m%n" />
            </layout>
    </appender>

    <appender name="SECURITY" class="org.apache.log4j.RollingFileAppender">
            <param name="File" value="${catalina.home}/logs/dotcms-security.log"/>
            <param name="MaxFileSize" value="20MB"/>
            <param name="MaxBackupIndex" value="10"/>
            <layout class="org.apache.log4j.PatternLayout">
                 <param name="ConversionPattern"
                            value="[%d{dd/MM/yy hh:mm:ss:sss z}] %5p %c{2}: %m%n" />
            </layout>
    </appender>

    <logger name="org.directwebremoting">
	  <level value="warn"/> 
	</logger>
	<logger name="org.apache.velocity">
	  <level value="warn"/> 
	</logger>
	<logger name="com.dotmarketing.portlets.contentlet.business.ReindexThread">
		<level value="debug"/>
	</logger>
	<logger name="com.bradmcevoy.http">
		<level value="info"/>
	</logger>
	<logger name="org.apache.tomcat.util.http.Parameters">
		<level value="fatal"/>
	</logger>
	<logger name="org.directwebremoting.impl.DefaultConverterManager">
		<level value="fatal"/>
	</logger>
	<logger name="com.liferay.portal.action.LoginAction" additivity="false">
		<level value="info"/>
		<appender-ref ref="ASYNC-SECURITY" />
	</logger>

	<logger name="com.liferay.portal.action.LogoutAction" additivity="false">
		<level value="info"/>
		<appender-ref ref="ASYNC-SECURITY" />
	</logger>
	
	<logger name="com.liferay.portal.action.LoginAsAction" additivity="false">
		<level value="info"/>
		<appender-ref ref="ASYNC-SECURITY" />
	</logger>
	
	<logger name="com.liferay.portal.action.LogoutAsAction" additivity="false">
		<level value="info"/>
		<appender-ref ref="ASYNC-SECURITY" />
	</logger>
	
    <root>
            <priority value="info"/>
            <appender-ref ref="ASYNC"/>
    </root>
    
</log4j:configuration>
